id,domain,status,purchase_price,renewal_price,attractiveness,demand,length,registrar,created_at,expires_at,status_verified_at
b86ac8ed-bbad-48cc-a01d-33c630b34469,tilly.xyz,resell,,,high,low,5,,,,03/10/2026 12:54
c2480d26-1dbf-4bc5-a236-ba63c80106a6,titleless.xyz,available,,,high,high,9,,,,
5c9d17c5-419c-48b9-85f3-2bc48295970c,ve.xyz,premium,1035.2,1035.2,high,low,3,spaceship,,,30/09/2026 21:19
9190027e-2703-4099-992e-1cd0f6661b11,breaking.xyz,resell,,,high,low,8,Dynadot Inc,06/04/2018 01:58,06/04/2028 23:59,26/09/2026 04:36
bb95f705-5b27-4da0-b882-83fd335f248f,deskfast.xyz,available,,,high,high,8,,,,
7b1e4b38-264f-4184-bfad-1d5e5a62e684,coarse.xyz,resell,,,medium,low,6,"GoDaddy.com, LLC",13/10/2024 08:17,13/10/2027 23:59,26/09/2026 05:04
4c8130e7-678f-4102-b403-7c185999f601,monacan.xyz,available,1.99,20.99,high,low,7,name.com,,,25/08/2026 04:01
b8a29c10-1882-4e69-a3b2-9bf02072f5a1,moisturise.xyz,available,,,high,high,10,,,,
fb5a9208-7ef3-49f0-ab1a-b8c2260061c2,westernized.xyz,available,,,high,high,11,,,,
6610b869-89d8-4572-a60a-2dd9cef9cdca,composting.xyz,resell,,,high,low,10,,,,01/10/2026 00:25
5ede9726-f31b-45e7-b45c-89df2d5a25a7,nonspecialist.xyz,available,,,high,high,13,,,,
15717c34-5c82-4c2f-8a2e-042df5ff106a,wigmaking.xyz,available,,,high,low,9,,,,
cf1a73a0-405b-44fb-a5b2-ded41a659e46,elamite.xyz,available,2.79,17.29,high,low,7,namesilo,,,08/10/2026 04:07
01559a85-3b45-47ce-b989-fabb68b93ac8,anecdotist.xyz,available,2.79,17.29,medium,low,10,namesilo,,,19/09/2026 05:08
27dced87-ddfc-4c84-8848-1f06df2cca8f,rush.xyz,resell,,,high,low,4,Dynadot Inc,21/08/2020 08:21,21/08/2030 23:59,26/09/2026 08:46
ca620230-b7e6-47de-9a23-2af01594dfc8,regrade.xyz,available,,,high,high,7,,,,
15a7a0b3-a3d7-48c5-bbef-79fd92fb4101,mimosas.xyz,resell,,,medium,low,7,Alibaba Cloud Computing Ltd. d/b/a HiChina (www.net.cn),25/09/2026 05:16,25/09/2027 23:59,26/09/2026 07:33
644086c0-b1ac-4eed-a2ac-d965dbad436b,slowcoach.xyz,available,2,21.48,medium,low,9,namecheap,,,10/09/2026 20:27
bad6c7a5-078d-419b-9984-b8e43249b1bd,nonrandom.xyz,available,2.79,17.29,medium,low,9,namesilo,,,09/10/2026 04:32
d503d94c-a04e-4e42-893f-88fa13039d29,topologic.xyz,resell,,,medium,low,9,Dynadot Inc,02/12/2025 00:43,02/12/2026 23:59,26/09/2026 09:41
8f5f4966-728c-427f-b245-737206fc54cf,and.xyz,resell,,,high,medium,3,"Spaceship, Inc.",31/10/2023 02:18,31/10/2027 23:59,05/10/2026 08:19
403e78ae-348a-41e8-adb0-76489f6b8977,armory.xyz,resell,,,high,low,6,West263 International Limited,13/02/2021 20:14,13/02/2028 23:59,26/09/2026 04:01
038dd5e6-8c1a-4a37-93db-40b8e7ea8b04,untethered.xyz,resell,,,medium,low,10,"Wild West Domains, LLC",19/01/2019 23:35,19/01/2027 23:59,26/09/2026 09:53
988dc350-3d45-4a40-a368-a361d472eb70,uci.xyz,resell,,,high,low,3,,,,29/09/2026 09:30
7ee73abf-b826-49f3-a22b-3c6e8b661e40,glaucous.xyz,resell,,,high,low,8,"DNSPod, Inc.",18/08/2026 23:49,18/08/2027 23:59,26/09/2026 06:24
f055c2c4-5f44-4a98-9060-36f446257ab4,piggybacked.xyz,available,,,medium,low,11,,,,
52b2758d-6196-41fd-b2d9-b9ed0ec02f15,standhill.xyz,available,,,high,high,9,,,,
428eb1cf-7787-4326-95d5-1b6574bd6fec,aurangzeb.xyz,available,2.04,14.21,high,low,9,porkbun,,,04/10/2026 16:00
3c18d735-fe53-4463-af49-e9ef5d004278,gird.xyz,resell,,,high,low,4,UM Domains Pte. Ltd.,12/01/2026 00:02,12/01/2027 23:59,26/09/2026 06:23
b1d4fec6-3810-4b66-8f56-ed823daa6341,tasty.xyz,resell,,,high,low,5,Dynadot Inc,22/08/2015 22:27,22/08/2027 23:59,26/09/2026 09:31
d18533f2-de5a-4c91-b46b-d1b9201b7131,lief.xyz,resell,,,high,low,4,West263 International Limited,04/06/2020 01:56,04/06/2028 23:59,26/09/2026 07:13
a98bd5c4-3b6c-44e8-ba17-9023fc9c8f55,wishlists.xyz,available,,,high,medium,9,,,,
63d00870-06f3-4aa9-be87-9ed211ede0ce,radiotelescopy.xyz,available,,,medium,low,14,,,,
494a6acb-998e-4d7f-84b0-64416118034c,bookpress.xyz,resell,,,high,high,9,"GMO Internet Group, Inc. d/b/a Onamae.com",03/02/2026 03:20,03/02/2027 23:59,26/09/2026 04:32
930407f3-883b-4a87-8537-70e6d4f5cecd,fiddles.xyz,resell,,,high,low,7,"GMO Internet Group, Inc. d/b/a Onamae.com",01/07/2026 21:20,01/07/2027 23:59,26/09/2026 06:04
3615edbc-8827-4bfc-8670-98ee5634f2c8,bristles.xyz,resell,,,medium,low,8,,,,05/10/2026 07:42
fbece36b-6117-4f12-8c04-55b2ba646ad0,snore.xyz,resell,17250,20.99,high,low,5,Squarespace Domains II LLC,03/06/2020 02:02,03/06/2030 23:59,30/09/2026 11:22
dff15535-b919-4304-9237-9b1ead60b0d0,blindingly.xyz,available,,,high,high,10,,,,
d8708baa-0afa-46be-b8de-65f04a28d698,dagestan.xyz,resell,,,high,low,8,,,,02/10/2026 08:53
5377cc42-4d58-4362-b6bd-f835e2b6102e,ambien.xyz,available,,,high,high,6,,,,
cc875272-ab58-4bff-be44-00f3472c420f,jolt.xyz,resell,,,high,low,4,"Spaceship, Inc.",13/06/2014 02:27,13/06/2030 23:59,26/09/2026 07:01
8c550e7a-f65a-435a-bf2b-36167f3da1ee,palmyra.xyz,resell,,,high,low,7,,,,07/10/2026 06:08
244f0f00-25f2-4286-866d-2eb4ad056201,slithering.xyz,available,2,21.48,medium,low,10,namecheap,,,10/09/2026 11:07
6d5b6b65-d29f-4e8c-b9b1-d372ed54e3e9,moreso.xyz,available,,,high,high,7,,,,
37825c55-4c48-4a37-b684-ad56c1b28eb9,tinea.xyz,resell,,,high,low,5,,,,02/10/2026 15:29
001162bf-f5f1-41c0-bbfa-ddd4dfa10e72,unshadowed.xyz,available,2,21.48,medium,low,10,namecheap,,,12/09/2026 19:29
69a284f9-a3c3-4343-83b4-0f275f08a381,benignly.xyz,available,2,21.48,high,low,8,namecheap,,,13/09/2026 23:51
8d7c143f-cb46-46e8-a6e9-2d16290f68c7,knesset.xyz,available,1.99,14.45,medium,low,7,dynadot,,,28/09/2026 19:39
b25375b4-b7e2-4819-8a6b-3a0e5f45df30,cosher.xyz,available,2,21.48,high,low,6,namecheap,,,25/09/2026 09:07
c7efea8d-6ad6-468a-8801-59a5c0d836ab,impossibility.xyz,resell,,,medium,low,13,,,,30/09/2026 23:16
820466c2-3d1e-46fe-b523-49a228a25e0c,wattmeter.xyz,available,,,high,high,9,,,,
f963c62e-4bcd-43ec-99e8-c6004b5d5188,speedfreak.xyz,resell,,,high,high,10,"GMO Internet Group, Inc. d/b/a Onamae.com",11/05/2026 02:06,11/05/2027 23:59,26/09/2026 09:12
61b75743-5114-4a3f-85c6-01b412f8fade,smokeshow.xyz,resell,,,medium,low,9,Porkbun LLC,09/04/2022 23:49,09/04/2027 23:59,05/10/2026 20:48
d0337033-9ff7-4718-ab92-8744e8a590c0,minnehaha.xyz,available,2.06,13.97,medium,low,9,spaceship,,,05/10/2026 06:22
a852d947-5397-4cdd-a0ee-2676e13446c7,camouflage.xyz,resell,,,high,low,10,"GoDaddy.com, LLC",02/06/2014 16:54,02/06/2027 23:59,29/09/2026 06:05
30e0b528-818b-4316-803d-c4b75ff87759,herpetologist.xyz,available,,,high,high,13,,,,
16a2ddf2-efe6-4087-8992-7f3f6a62f1d1,ruining.xyz,available,12.3,11.2,high,low,7,cloudflare,,,29/09/2026 19:30
6058065e-d429-4768-9893-e9e481498c52,metallize.xyz,available,,,high,high,9,,,,
c39e8476-abc4-4b52-90be-375dcc9f7cb7,accrescing.xyz,available,,,low,low,10,,,,
5ae70d1e-8838-408d-830c-330b5f79b6c8,collegeboy.xyz,available,,,high,high,10,,,,
ef4afcd0-4dcc-4242-a2fb-2ebf955a3055,communalism.xyz,available,5,,high,high,11,unstoppable,,,07/10/2026 02:16
bb159f97-3eaf-4c5a-8a7d-08cc23cdf9f2,uxorious.xyz,available,2,21.48,medium,low,8,namecheap,,,13/09/2026 00:33
0d320ac7-717a-4fb7-98bc-db864867c430,stargate.xyz,resell,,,high,low,8,,,,05/10/2026 03:49
1dc9529e-0bb6-4311-ae94-102858517715,aristocracy.xyz,resell,,,high,low,11,,,,30/09/2026 14:25
ebc19a64-bea7-4c79-b52d-22ff1f61869f,yount.xyz,available,12.3,11.2,medium,low,5,cloudflare,,,07/10/2026 17:54
d22953e7-8be4-4ba6-8392-d97891af3144,twice.xyz,resell,,,medium,low,5,Squarespace Domains II LLC,27/08/2020 01:56,27/08/2030 23:59,28/09/2026 14:37
bea97576-3147-49ad-a2a4-0182039ba88b,waybill.xyz,resell,,,high,low,7,Dynadot Inc,28/06/2022 10:07,28/06/2027 23:59,26/09/2026 10:05
e5ee91fd-88dc-42cc-af03-3eb194a1d252,relishing.xyz,available,,,high,high,9,,,,
6aa7c645-157b-4593-a293-050adfdf4d50,cereals.xyz,resell,,,high,low,7,TLD Registrar Solutions Ltd.,19/07/2014 15:09,19/07/2030 23:59,02/10/2026 23:32
71c78e6b-b2d2-4c1c-8804-503d24cd0ba9,keyboards.xyz,resell,,,high,low,9,West263 International Limited,22/04/2020 19:58,22/04/2028 23:59,26/09/2026 07:04
aa67bbeb-d683-4495-8187-0eacb2c4009e,monkshood.xyz,available,2.79,17.29,medium,low,9,namesilo,,,17/09/2026 02:11
303b8614-1e5f-40ed-bcb8-20f2fb5b7831,couchbound.xyz,available,,,high,high,10,,,,
c82662ec-458a-40c2-aa83-2e717c52cbe6,prosily.xyz,available,2,21.48,medium,low,7,namecheap,,,15/09/2026 21:46
989501f2-7987-48e4-a009-2e21bda108b8,newsgroup.xyz,resell,,,high,low,9,"GoDaddy.com, LLC",02/06/2014 16:35,02/06/2027 23:59,01/10/2026 22:38
3c5169d0-998d-4a8f-a3d2-c81def136de3,decongestant.xyz,available,,,high,high,12,,,,
6d3f394e-a747-4f68-8098-20d3230c186b,highwayman.xyz,resell,,,high,high,10,"GoDaddy.com, LLC",13/08/2026 17:33,13/08/2027 23:59,26/09/2026 06:40
a8c9b895-bc02-44f6-bf29-0ae1954b0436,counterproposition.xyz,available,,,high,high,18,,,,
13ce461b-3570-40ec-b4cc-cdc75af5b50d,peek.xyz,resell,,,high,low,4,"GoDaddy.com, LLC",02/06/2014 16:33,02/06/2027 23:59,28/09/2026 19:21
abb212af-fc1a-4467-9eb6-b9dab370d833,shucking.xyz,available,,,high,high,8,,,,
7cae3ad1-a00d-4072-84d4-8bfc94c8945e,intragroup.xyz,resell,,,high,low,10,"GMO Internet Group, Inc. d/b/a Onamae.com",11/03/2026 07:32,11/03/2027 23:59,26/09/2026 06:55
2dd50a7d-7ac9-4bd3-9dc5-e74be83e429d,stewardesses.xyz,available,,,medium,low,12,,,,
a706b440-94c8-4f25-8844-e644efabce47,sentiency.xyz,available,,,high,high,9,,,,
84ad591e-0085-4369-b3cf-0cbec9815930,kambroo.xyz,available,,,high,high,7,,,,
a0824f7b-3ca1-40d7-a95e-e16b7cae72ae,duplications.xyz,available,,,medium,low,12,,,,
cd15d924-cd63-4e42-832d-a50db9627548,tocantins.xyz,available,12.3,11.2,medium,low,9,cloudflare,,,08/10/2026 10:21
e3b72e30-f1a3-4878-9b17-95c0ca10adda,speaker.xyz,resell,,,high,low,7,"Chengdu West Dimension Digital Technology Co., Ltd.",26/10/2015 00:39,26/10/2027 23:59,30/09/2026 03:31
8d91ecaf-a1ff-4bf6-ad0a-23263d8c796c,synchrony.xyz,resell,,,high,high,9,Dynadot Inc,01/03/2019 18:32,01/03/2027 23:59,26/09/2026 09:28
31d3f5a4-7fe5-4a94-8eb6-4f3dc16d7460,lloyds.xyz,resell,,,high,medium,6,,,,30/09/2026 04:32
1ab6784b-744d-48f8-8e74-2f76756b14e4,goalkicker.xyz,available,,,high,high,10,,,,
057cdaad-6a5e-4176-9568-742f83565aa3,mitford.xyz,available,2.79,17.29,medium,low,7,namesilo,,,03/10/2026 11:26
28614992-795b-4854-a941-14936b84724a,anticlimax.xyz,available,2,21.48,medium,low,10,namecheap,,,19/09/2026 14:16
e0ff09fc-1237-4402-9ea2-92442bc10200,fastball.xyz,resell,,,high,low,8,"Spaceship, Inc.",10/01/2022 21:23,10/01/2027 23:59,04/10/2026 23:28
8a496d04-abbd-4eb0-bd6a-46a9d7159de7,meteorically.xyz,available,,,high,high,12,,,,
69288dda-166d-4e2c-a89b-4d757b54bcc8,protesters.xyz,resell,,,medium,low,10,,,,02/10/2026 03:18
965efbb4-9b4e-45af-94d4-7c0130ab321b,section.xyz,resell,,,high,low,7,"Chengdu West Dimension Digital Technology Co., Ltd.",06/04/2017 20:38,06/04/2028 23:59,26/09/2026 08:53
fc9770d9-2e4c-41d5-8272-b1c49097eeee,reined.xyz,available,,,medium,low,6,,,,
8a448b0f-68b8-4aa2-849f-e6cf37dc2647,ustinov.xyz,resell,,,high,low,7,,,,06/10/2026 02:24
df70942d-5b6f-487d-bd27-e62d3a1d1981,emegir.xyz,available,,,high,high,6,,,,
8d280ac3-e20f-4e84-b8fa-63eda809189d,werewolfdom.xyz,available,,,medium,low,11,,,,
19fd60f4-1811-48b0-8179-d91e87dc303e,watching.xyz,resell,,,high,low,8,Dynadot Inc,06/05/2020 02:03,06/05/2027 23:59,30/09/2026 06:02
0891bf34-2daf-48ec-a451-fae18983ab9d,chalkiness.xyz,available,,,high,low,10,,,,
bc1143ed-570e-408d-8e79-f37e4503bd33,kinloid.xyz,available,,,high,high,7,,,,
21dfa315-46e7-4f97-8690-46682b2afdd8,lantern.xyz,resell,,,high,low,7,,,,28/09/2026 14:40
7a279b88-7c17-4f6e-ac46-f3896ee4db0e,barometre.xyz,available,,,high,high,9,,,,
0c6e645c-e144-44c4-a0f1-b6109c8f1465,recatalog.xyz,available,,,high,high,9,,,,
3348a4a5-fd01-4255-af0c-720e9af443f1,englishwoman.xyz,available,,,high,high,12,,,,
b162ee55-a12c-46f8-ab2c-001ac9c21213,decayable.xyz,available,1.99,20.99,medium,low,9,name.com,,,13/08/2026 20:54
a36f8be9-81fd-47b0-8137-7bc946a08a26,scientifically.xyz,resell,,,high,low,14,Unstoppable Domains Inc.,02/09/2021 13:41,02/09/2027 23:59,06/10/2026 13:43
72d0f179-c92b-47cb-85cb-bc3e4d799be6,bardic.xyz,resell,,,medium,low,6,Dynadot Inc,04/05/2026 14:47,04/05/2027 23:59,07/10/2026 00:44
3c511ab9-1cb8-4a1e-a925-649487537d17,irradiate.xyz,available,2.06,13.97,high,high,9,spaceship,,,01/10/2026 02:21
290b0a0f-ae3e-4fcb-95a7-264cbeca88c5,topography.xyz,resell,,,high,low,10,"Spaceship, Inc.",14/02/2022 00:39,14/02/2027 23:59,03/10/2026 12:31
fa503ba3-4a13-4e20-98d8-198939bd50d4,pseudonym.xyz,resell,,,high,low,9,Dynadot Inc,17/07/2021 16:32,17/07/2027 23:59,26/09/2026 08:24
211079e3-03de-4281-a812-9af578da04e2,segovia.xyz,resell,,,high,low,7,"NameSilo, LLC",26/11/2025 13:09,26/11/2026 23:59,26/09/2026 08:54
edc79ebb-81bd-4f8b-b51a-7ffaae8bdcac,magically.xyz,resell,,,high,low,9,Dynadot Inc,15/01/2021 04:43,15/01/2028 23:59,26/09/2026 07:22
daebd351-47ff-4e59-90b1-96877eb6227e,locke.xyz,resell,,,high,low,5,"GoDaddy.com, LLC",26/01/2022 08:20,26/01/2028 23:59,26/09/2026 07:17
eeb54524-a1ac-40f6-acf5-d21b5a4610f2,castelgandolfo.xyz,available,,,high,high,14,,,,
faad92eb-9c33-432a-90ba-60c7ded53327,malan.xyz,resell,,,high,low,5,,,,05/10/2026 06:02
27f0319f-d247-4238-a432-11c19a7fce3a,swappiness.xyz,available,,,high,high,10,,,,
b705f1c3-4bc7-407c-9aeb-f7cc32d13ad6,repeatability.xyz,available,12.3,11.2,high,low,13,cloudflare,,,07/10/2026 01:38
3ef492b5-9e3c-4194-acb2-6fa289ca22fb,jeweller.xyz,resell,,,high,high,8,Dynadot Inc,17/12/2020 22:51,17/12/2028 23:59,26/09/2026 07:00
584e68b2-348b-42c8-a8c1-97c34062dea1,victorian.xyz,resell,,,high,low,9,"GoDaddy.com, LLC",02/06/2014 17:35,02/06/2027 23:59,27/09/2026 05:38
e1720687-5e4b-4f27-888b-21ec569b471a,spouts.xyz,available,2,21.48,medium,low,6,namecheap,,,25/09/2026 14:17
5ca6bc5a-949e-414f-ae43-8068b1c7356c,tagliatelle.xyz,available,,,high,low,11,,,,
e51cfa9c-e2c0-4aa2-9b89-0ec4e811d0db,loudoun.xyz,resell,,,high,low,7,,,,29/09/2026 22:41
7a72e479-3a9c-44a6-b2ae-5fa51886b710,kennan.xyz,resell,,,medium,low,6,,,,03/10/2026 00:57
3a8dc506-6dde-42cc-8fb2-e0fe09e405f5,objected.xyz,available,2.79,17.29,medium,low,8,namesilo,,,18/09/2026 23:50
beb8041f-aa2b-4581-81e0-25e86c2e22c5,chongqing.xyz,premium,242,242,high,low,9,namesilo,,,30/09/2026 09:09
3db4f09c-6ed0-4ef5-85d9-5a45cb5e6c36,khan.xyz,resell,,,high,low,4,Epik LLC,20/05/2014 12:08,20/05/2027 23:59,02/10/2026 23:51
f34f7159-821a-456d-8670-a5ce8396d6ed,monitory.xyz,resell,,,medium,low,8,Alibaba Cloud Computing Ltd. d/b/a HiChina (www.net.cn),25/09/2026 06:09,25/09/2027 23:59,05/10/2026 06:41
deecd738-7f83-4b45-989e-8f731364ab89,pained.xyz,available,2,21.48,medium,low,6,namecheap,,,04/09/2026 01:26
d3d3f169-9be8-442d-bcc7-6cfda7af9160,suspensory.xyz,available,,,high,high,10,,,,
879eeebf-c87f-4798-b12b-7d5249d5c43c,bidon.xyz,available,,,high,high,5,,,,
de335a56-7e36-4adf-8922-190fe27d1d7e,stiffening.xyz,available,,,high,high,10,,,,
ad9280c8-d613-4d8c-aef2-e98a71e642c2,skowhegan.xyz,available,2.79,17.29,high,low,9,namesilo,,,08/10/2026 22:21
39d5a04b-59b4-4efc-b36b-65097b5cf9ad,crisper.xyz,resell,,,high,high,7,Dynadot Inc,23/07/2024 04:51,23/07/2027 23:59,26/09/2026 05:20
88ae527b-e310-4954-9936-13e7752dd8d7,grouped.xyz,resell,,,high,low,7,"GoDaddy.com, LLC",02/03/2024 00:06,02/03/2027 23:59,26/09/2026 06:30
107c938a-91fe-4aea-af8b-83d7c9ae417a,childrearing.xyz,available,5,,medium,low,13,unstoppable,,,07/10/2026 00:48
d4c45ee7-3ee6-4a08-a1ce-c262a2a5c2e3,courier.xyz,resell,,,medium,low,7,"GoDaddy.com, LLC",03/06/2014 02:11,03/06/2027 23:59,28/09/2026 18:49
cbea827e-1a5f-4e86-bde9-47d0f1391f3f,metalloid.xyz,available,2.79,17.29,medium,low,9,namesilo,,,25/09/2026 12:02
845b363b-b9f2-455a-be13-5a5925257413,carry.xyz,resell,,,high,low,5,"GoDaddy.com, LLC",02/06/2014 17:32,02/06/2027 23:59,28/09/2026 00:56
2ce378e2-0c79-478d-a30d-b8307a69ec5d,nkvd.xyz,resell,,,medium,low,4,,,,30/09/2026 04:47
b3f9f208-1cd0-4d96-8c14-9f72b4441769,euromember.xyz,available,,,medium,low,11,,,,
a0e6552b-c95f-4ddd-ba2a-efc1c72b10ea,auxin.xyz,resell,,,high,low,5,Unstoppable Domains Inc.,30/04/2026 01:16,30/04/2027 23:59,26/09/2026 04:10
93b7ddbe-d3ad-4c60-adc5-47c394ae2070,fretherne.xyz,available,,,high,high,9,,,,
b12b7538-664f-410b-b4e2-ff4dbecbec59,rio.xyz,resell,,,high,low,3,,,,28/09/2026 03:02
b27142a4-9524-46d4-b4df-03c5a14a6b47,toh.xyz,resell,,,medium,low,3,,,,05/10/2026 08:38
906e38e8-b883-4571-8e31-13c90292a096,ami.xyz,available,,,high,high,3,,,,08/10/2026 09:47
c586c2c5-9dde-4bf7-ae1b-33a3c8eafc24,skewedly.xyz,available,,,high,high,8,,,,
a9c692e0-95ab-40e6-8252-3f54c0951527,leidy.xyz,available,12.3,11.2,medium,low,5,cloudflare,,,06/10/2026 20:59
d1227bf4-29b9-454d-ace5-69816ef8e7f4,soupcon.xyz,available,,,high,high,7,,,,
e29ad472-884d-40c8-9f7b-0e92e0ffa332,interlard.xyz,available,,,high,high,9,,,,
0a3591c2-0a6c-4645-911a-b13daf6185c4,neosumerian.xyz,available,,,high,high,12,,,,
90f66fad-af81-4368-92ba-dbd0f5f0d95d,apron.xyz,resell,,,high,low,5,Dynadot Inc,23/03/2018 17:22,23/03/2028 23:59,26/09/2026 03:57
bef8ae10-356c-4c35-b1fd-133a8cc75001,imparted.xyz,resell,,,medium,low,8,,,,07/10/2026 22:52
7bfcb033-3867-463b-b81e-44ab5e1f630b,computation.xyz,resell,,,high,low,11,,,,05/10/2026 07:33
5d693d86-96bb-4e60-80a8-18f46860f6ab,escalation.xyz,resell,,,high,low,10,,,,02/10/2026 15:02
19232fdf-3aba-40a5-ad88-8eb846aabfe7,nylon.xyz,resell,,,high,low,5,"GoDaddy.com, LLC",02/06/2014 17:33,02/06/2027 23:59,30/09/2026 10:38
02c74802-d0f0-4c4b-b1cd-6b0324a07cd9,schoolroom.xyz,available,,,high,medium,10,,,,
d03c6ad7-3dac-4808-b8d4-2c4ce5fb76c1,pyracantha.xyz,available,,,high,high,10,,,,
19a6de8c-3456-4082-b419-0b9a58ec882d,mousey.xyz,resell,,,medium,low,6,Unstoppable Domains Inc.,30/01/2026 20:45,30/01/2027 23:59,26/09/2026 07:40
f2aeba34-bd6b-481c-bf9e-2e6703293105,productiveness.xyz,available,,,high,low,14,,,,
e694e508-851b-47f6-9090-953852c44f51,neutrality.xyz,resell,,,high,low,10,"GoDaddy.com, LLC",04/07/2021 11:04,04/07/2027 23:59,29/09/2026 15:55
f208d715-f671-476d-99ab-5aa677a57b83,imprinting.xyz,available,,,high,high,10,,,,
41a11c67-9b6c-4f69-b73b-23f97b864d54,oaks.xyz,resell,,,high,low,4,Dynadot Inc,18/04/2020 23:37,18/04/2028 23:59,26/09/2026 07:50
49ea41d9-2857-4709-a37e-b3521e3991ad,afforesting.xyz,available,,,high,low,11,,,,
5de86cff-f432-41aa-a5ef-f440f38662a0,reglue.xyz,available,,,high,high,6,,,,
26eaaac6-7a0a-47e9-aeff-13d81dd16bc2,surges.xyz,resell,,,medium,low,6,,,,07/10/2026 03:14
d5e7dc2f-978a-44c8-919d-a5511c0c5670,all.xyz,available,,,high,medium,3,,,,08/10/2026 09:38
31433794-50cc-42ff-96c1-35ac03926667,medivac.xyz,available,,,high,high,7,,,,
b055ed3f-86fe-4c60-881e-ea6ef9373c82,haggle.xyz,resell,,,high,high,6,,,,01/10/2026 02:19
d3101c94-cf47-4654-bc79-f32afa25b12e,wdm.xyz,resell,,,high,low,3,,,,07/10/2026 16:29
9f9ec37f-2757-4b09-bc3d-a6b5a07fd88e,dealbreakers.xyz,available,,,medium,low,12,,,,
ca3c6b0b-433f-465d-8ec3-ab79daac44d3,glimmering.xyz,available,,,high,high,10,,,,
0118d60e-232c-4890-8af7-e2ffd9f59f96,writtenness.xyz,available,,,high,high,11,,,,
9818bf3f-72b3-41b7-95a7-0a821af1a608,ditch.xyz,resell,,,high,low,5,Dynadot Inc,08/06/2020 00:34,08/06/2028 23:59,26/09/2026 05:36
1b516314-18bd-4dcc-9019-57f5e9540456,donuts.xyz,resell,,,high,medium,6,"Chengdu West Dimension Digital Technology Co., Ltd.",02/09/2017 00:05,02/09/2027 23:59,26/09/2026 05:39
6bb19100-f4ac-45d5-8b29-433147910f11,scuttles.xyz,available,,,medium,low,8,,,,
9f7d5573-c79d-4dc8-8516-c85692289f72,newsjacking.xyz,available,,,high,low,11,,,,
95d17c21-9ca1-4387-b6a9-f0e5c1029999,weatherford.xyz,resell,,,high,low,11,,,,03/10/2026 07:03
b175cac3-3253-4bfe-a13f-8bdcdb1084b1,sandhopper.xyz,available,2.79,17.29,medium,low,10,namesilo,,,22/09/2026 18:44
5a0cc280-8281-4f26-96f8-debaee1b5ba6,zhengzhou.xyz,resell,,,high,low,9,,,,07/10/2026 15:32
b61a401f-a169-40e2-bc14-31d4baa5bdea,queering.xyz,available,,,high,low,8,,,,
93306379-44a6-49cf-890f-3278415ed33e,rearrange.xyz,resell,,,high,low,9,,,,01/10/2026 22:11
88c77941-6a32-47b7-bf8f-b36305867a40,establishing.xyz,resell,,,high,low,12,,,,29/09/2026 21:01
f3bf0e87-b78e-41f8-a759-550a474f322c,workmanlike.xyz,available,,,high,high,11,,,,
742953b5-61be-45a0-8464-63ee690bb766,recalibrator.xyz,available,,,high,high,12,,,,
ca700661-1e39-4733-bd11-49bef6bd3143,downiness.xyz,available,,,high,high,9,,,,
7d5a1f2e-f9fa-410d-9953-b92bc51c2322,soups.xyz,resell,,,medium,low,5,TLD Registrar Solutions Ltd.,25/07/2014 14:59,25/07/2030 23:59,26/09/2026 09:10
1b434c90-a71c-41e9-b822-effeec549603,vroom.xyz,available,,,high,high,5,,,,
2b1762cb-e45a-4286-aa23-ebc5766ad187,recession.xyz,resell,,,high,low,9,Interstellar Registrar Limited,17/04/2022 17:23,17/04/2028 23:59,27/09/2026 10:55
243b0e30-821f-403d-8120-56294321f6bd,signatories.xyz,available,2,21.48,medium,low,11,namecheap,,,07/10/2026 00:42
73b0009f-d06e-4bae-b9bd-e5f7e564cfb3,strength.xyz,resell,,,high,low,8,"GoDaddy.com, LLC",22/02/2024 15:09,22/02/2027 23:59,26/09/2026 09:20
3beeeb45-531f-4afb-ab2d-26d7d1d40223,frenchifying.xyz,available,,,medium,low,12,,,,
c99f19f3-a725-4f41-895a-bf85cfe448cc,cheesefest.xyz,available,,,high,high,10,,,,
2eafb76a-f76c-479c-a1c1-72bca9b7fdc8,elegize.xyz,available,,,high,high,7,,,,
ec3474f0-6996-4141-beec-1c443fe0af3f,evolutionarily.xyz,available,,,high,high,14,,,,
9af3b645-1a0c-45b6-9f4f-6e57bb6a6d5a,negative.xyz,resell,,,high,low,8,Dynadot Inc,18/06/2016 14:47,18/06/2028 23:59,26/09/2026 07:44
5ee73518-800b-46de-b9c3-a6064ad246c8,drug.xyz,resell,,,high,low,4,Porkbun LLC,05/10/2017 06:33,05/10/2027 23:59,26/09/2026 05:42
44662e6a-c8bf-44da-8c61-11a52558bcca,anechoic.xyz,available,2.06,13.97,medium,low,8,spaceship,,,05/10/2026 20:27
d6f836c4-5845-41ca-8796-b140216a3f91,cmt.xyz,resell,,,high,low,3,,,,01/10/2026 07:02
98b693de-bf46-4381-b2ee-f4c511a01319,microspray.xyz,available,,,high,high,10,,,,
a4207090-f615-44f0-88b7-3032278c3c11,welshman.xyz,available,2,21.48,high,low,8,namecheap,,,13/09/2026 10:44
337f38b7-302d-4989-8395-6bee9f751fe5,auspices.xyz,available,2,21.48,high,low,8,namecheap,,,17/09/2026 12:16
7bd3fbbc-d416-4871-8078-4c95938376ae,gaudy.xyz,resell,,,high,low,5,Dynadot Inc,22/11/2025 02:21,22/11/2026 23:59,26/09/2026 06:20
e49c35db-7c48-4286-925c-ef2b85b6d433,macleay.xyz,available,2.79,17.29,medium,low,7,namesilo,,,08/10/2026 18:24
cf022fa1-54df-4419-b49e-48325a38be6f,messenger.xyz,resell,,,high,low,9,Dynadot Inc,07/09/2017 18:02,07/09/2030 23:59,26/09/2026 07:31
d4692b58-b267-4687-9b0e-ce3303718b6c,experimentalist.xyz,available,1.99,14.45,high,high,15,dynadot,,,03/10/2026 02:16
2e905845-70c5-45c7-99e4-5e8dc90c4432,kosciuszko.xyz,available,2.79,17.29,high,low,10,namesilo,,,06/10/2026 01:49
af8b7a22-398f-450f-9b7e-9fb677a9c634,macified.xyz,available,,,medium,low,9,,,,
8ed75ada-5263-4137-96d9-4da77d69425a,haired.xyz,resell,,,high,low,6,"GMO Internet Group, Inc. d/b/a Onamae.com",13/07/2026 05:26,13/07/2027 23:59,26/09/2026 06:32
44abc3ac-7b84-4625-afa8-17b0e0aa11b4,delusive.xyz,available,1.99,20.99,medium,low,8,name.com,,,14/08/2026 00:53
5186a2a1-9496-4f14-becf-0cdf20950472,apse.xyz,resell,,,high,low,4,"Spaceship, Inc.",28/04/2026 19:18,28/04/2028 23:59,26/09/2026 03:57
568d64dd-7667-41cf-a5b1-2987965d479d,radon.xyz,resell,,,high,low,5,"GoDaddy.com, LLC",02/06/2014 17:37,02/06/2027 23:59,26/09/2026 08:28
0131221f-84ab-4eaf-9917-f6976b9346f8,metoprolol.xyz,available,,,high,high,10,,,,
351bcf0f-f1cf-43aa-8616-197c29ddb0c8,chiyoda.xyz,resell,,,high,low,7,,,,06/10/2026 08:08
b36da895-3d35-4196-8c55-e59d89f139c5,assail.xyz,resell,,,medium,low,6,"GMO Internet Group, Inc. d/b/a Onamae.com",02/09/2026 14:55,02/09/2027 23:59,26/09/2026 04:04
794beb45-3bf5-482a-82ed-f73e23216fe1,greenbottle.xyz,available,,,high,high,11,,,,
8f6f3d40-9e7e-48e4-98a7-52dbdf1f24e2,flintstone.xyz,available,,,high,high,10,,,,
e17d3055-b144-4924-aa65-0b90dd84c475,planets.xyz,resell,,,high,low,7,"GoDaddy.com, LLC",02/06/2014 16:34,02/06/2027 23:59,26/09/2026 08:11
0a5360fb-5b43-4f1a-9d09-28561d7b4f32,unifil.xyz,resell,,,high,high,6,"GMO Internet Group, Inc. d/b/a Onamae.com",02/09/2026 15:02,02/09/2027 23:59,26/09/2026 09:51
d6916eff-9ade-4cc1-919b-f30a51b081df,appetizingly.xyz,available,,,high,high,12,,,,
652fc7e4-d011-4cbb-a396-471036153762,bywords.xyz,available,,,medium,low,7,,,,
5db64d35-47be-40b3-8a4a-228358448dfc,syrian.xyz,resell,,,high,low,6,Squarespace Domains II LLC,09/07/2020 01:39,09/07/2027 23:59,26/09/2026 09:28
b9e089c4-a0ee-4a75-8f0f-ba654c579e7c,pendant.xyz,resell,,,high,low,7,"GoDaddy.com, LLC",02/06/2014 17:37,02/06/2027 23:59,26/09/2026 08:05
e6536ed0-7647-436e-af4b-cf59d9882f68,chinggisids.xyz,available,,,medium,low,11,,,,
455fd407-2135-4fab-b356-0dfd09368cc8,chairwomen.xyz,available,,,medium,low,10,,,,
63bc4864-9c58-498e-93d6-23146dcf5d57,tolbert.xyz,available,12.3,11.2,medium,low,7,cloudflare,,,04/10/2026 05:59
a24ad05c-1ccf-47de-b350-6176525ab1a5,deceived.xyz,resell,,,medium,low,8,,,,29/09/2026 23:13
bca57dae-8f86-47dc-9514-21a3737a1f30,jackie.xyz,resell,,,high,low,6,Dynadot Inc,24/10/2024 01:03,24/10/2027 23:59,26/09/2026 06:58
1dde8ea2-1a49-417f-99c6-5448876c592f,title.xyz,resell,,,high,low,5,"GoDaddy.com, LLC",03/06/2014 02:11,03/06/2027 23:59,06/10/2026 16:07
7fe7e982-0fcd-4bbb-9d28-10be08843fbf,agron.xyz,resell,,,high,low,5,,,,03/10/2026 15:17
33b07e47-0109-42c9-8c37-0d627dff59ba,apogean.xyz,resell,,,medium,low,7,"GMO Internet Group, Inc. d/b/a Onamae.com",13/12/2025 09:26,13/12/2026 23:59,06/10/2026 01:23
a6aee5d7-fc76-4b3b-923e-1deb3de5e213,athelney.xyz,available,,,high,high,8,,,,
31261787-063a-4bfc-896a-9867cff84916,chancing.xyz,available,,,high,high,8,,,,
f46956d7-6887-4d3e-89b8-f0b2424226b6,highboys.xyz,available,,,low,low,8,,,,
1cd9f097-503b-4a68-a8c5-1396a96fd425,sublette.xyz,available,2.79,17.29,medium,low,8,namesilo,,,08/10/2026 22:17
46b58b36-c485-4eb6-b086-ac3dd4943251,irish.xyz,resell,,,high,low,5,"GoDaddy.com, LLC",23/04/2026 14:30,23/04/2027 23:59,26/09/2026 06:57
48f08987-73f0-4850-b5cd-49e7731cd2e8,tallapoosa.xyz,available,2.79,17.29,medium,low,10,namesilo,,,07/10/2026 08:27
317c75b1-58c2-4953-8b16-0c3ccf7a3101,hysa.xyz,resell,,,high,low,4,,,,08/10/2026 06:23
b4d9b94f-2309-425f-9175-a388dea3e884,jolty.xyz,resell,,,medium,low,5,"GMO Internet Group, Inc. d/b/a Onamae.com",03/02/2026 03:49,03/02/2027 23:59,26/09/2026 07:01
3f8d4673-9262-4855-bd36-22d8de33fe20,elvis.xyz,resell,,,high,low,5,"GoDaddy.com, LLC",08/06/2014 13:49,08/06/2027 23:59,29/09/2026 00:14
c76146b6-17b4-4d56-884d-92dd5a3546e6,unfailing.xyz,available,1.99,20.99,high,low,9,name.com,,,18/08/2026 10:39
d6608c57-cd35-4a7e-8908-720b465924f1,normodyne.xyz,available,,,high,high,9,,,,
1f76af13-b7d5-4266-9a0a-ee32dfe10b8f,donets.xyz,resell,,,medium,low,6,,,,08/10/2026 21:34
e9fed130-939a-4715-84e6-ecfcc45e0fbf,atton.xyz,available,,,high,high,5,,,,
6a8f68c2-9474-4741-a07a-4a2fa3697eb3,exfoliant.xyz,available,,,high,high,9,,,,
d3fa8de5-af69-4390-b6b0-724d50340070,vaccines.xyz,resell,3448.85,20.99,high,low,8,name.com,,,02/10/2026 03:48
1614b33d-2a56-4231-9271-01fec141ffb4,comparingly.xyz,available,,,high,high,11,,,,
e385a89a-079a-4c1d-ad0e-94e15aad544b,foundational.xyz,resell,,,high,low,12,,,,01/10/2026 22:53
85b6f671-ae42-4aab-8bb1-1c747c060e35,connection.xyz,resell,,,high,low,10,Dynadot Inc,01/06/2021 19:52,01/06/2027 23:59,06/10/2026 22:42
5c725084-0bb9-4b49-97d7-4fe84620af75,bagging.xyz,resell,,,high,low,7,"GoDaddy.com, LLC",12/05/2024 19:54,12/05/2027 23:59,26/09/2026 04:13
2ab63d7b-f75c-4215-8132-468da002c0d7,athanor.xyz,resell,,,high,low,7,West263 International Limited,20/09/2020 20:45,20/09/2028 23:59,26/09/2026 04:06
ff7597f2-b80f-44a4-8b8a-600ecf00acf4,agitate.xyz,resell,,,high,low,7,,,,06/10/2026 14:31
124645f7-75cc-4bf2-bb3b-2e38e06ceabe,lapsang.xyz,available,,,high,low,7,,,,
a62a6050-3a4b-42da-a77c-af627f219a9d,unsalted.xyz,resell,,,medium,low,8,"Chengdu West Dimension Digital Technology Co., Ltd.",03/06/2026 11:13,03/06/2027 23:59,26/09/2026 09:53
900314ce-8d83-484a-9367-177ea24ccdd3,wielded.xyz,available,,,medium,low,7,,,,
0729edba-6136-421b-b230-b7905452d998,muck.xyz,resell,,,medium,low,4,West263 International Limited,02/06/2019 04:27,02/06/2028 23:59,26/09/2026 07:40
20e4b645-f66a-4cc7-a961-645ec391246c,inclusion.xyz,resell,,,high,low,9,Dynadot Inc,14/03/2022 19:42,14/03/2028 23:59,02/10/2026 04:18
0f3b9e97-6842-4333-859c-25e5e13558ee,computerisation.xyz,available,,,high,high,15,,,,
d3febaf2-5480-4e96-ad41-b631ffe4b5d2,venetian.xyz,resell,,,high,low,8,"Spaceship, Inc.",14/09/2020 08:19,14/09/2028 23:59,26/09/2026 09:57
de42a24e-39ea-4e28-9988-5ce24f8047fd,sarcasm.xyz,resell,,,high,low,7,West263 International Limited,20/06/2021 17:55,20/06/2028 23:59,26/09/2026 08:49
e47322a0-5a2c-4f37-b1d1-44845d351b10,olfactive.xyz,resell,,,medium,low,9,"GMO Internet Group, Inc. d/b/a Onamae.com",11/05/2026 05:18,11/05/2027 23:59,26/09/2026 07:53
a8dfdd04-bb2f-4d89-b68e-d96f783fcb2e,inhalant.xyz,available,1.99,20.99,high,low,8,name.com,,,22/08/2026 05:02
6d7fb124-36ef-4d2a-b0f0-20818b862d6b,tami.xyz,premium,242,242,high,low,4,namesilo,,,06/10/2026 08:44
207c51dc-d97a-4786-a770-06247da693f2,antony.xyz,resell,,,high,low,6,West263 International Limited,03/11/2019 00:40,03/11/2028 23:59,26/09/2026 03:54
74204286-1651-4820-8131-a9c0566d4870,ascription.xyz,resell,,,high,low,10,"NameCheap, Inc.",01/03/2026 10:34,01/03/2027 23:59,26/09/2026 04:03
58189825-61b6-4171-bd89-18348a253383,getts.xyz,resell,,,medium,low,5,"GMO Internet Group, Inc. d/b/a Onamae.com",13/12/2025 13:26,13/12/2026 23:59,26/09/2026 06:22
496c964e-cbc4-41b6-8d20-2857881e099b,carnegie.xyz,resell,,,high,low,8,TLD Registrar Solutions Ltd.,12/11/2015 08:36,12/11/2029 23:59,26/09/2026 04:47
84758d81-ecff-420a-a54b-e98fbc45fdd6,substantiation.xyz,available,,,high,low,14,,,,
f341cfc8-b232-4676-a767-359d23b162d7,have.xyz,resell,,,high,low,4,"Chengdu West Dimension Digital Technology Co., Ltd.",05/04/2019 00:17,05/04/2027 23:59,26/09/2026 06:35
00aeda93-151d-48d7-926a-7a3b664912b2,soubedar.xyz,available,,,high,high,8,,,,
5f005b4a-4799-473c-9b35-6f7a609fea63,margosa.xyz,available,2.79,17.29,high,low,7,namesilo,,,20/09/2026 05:43
7a79119e-509b-4b3d-a431-e5523cca9920,understrapper.xyz,available,,,high,high,13,,,,
36fcc223-312d-4e83-93f0-4c479a4e29d4,busan.xyz,premium,242,242,high,low,5,namesilo,,,03/10/2026 15:02
6f46f1e7-3f42-487c-a4c9-6aedafe4d981,moony.xyz,resell,,,high,low,5,Dynadot Inc,29/12/2023 01:02,29/12/2028 23:59,26/09/2026 07:38
b4beae61-3098-417c-abdf-0e451dc1de68,atsb.xyz,available,,,high,high,4,,,,
8dbfa1f4-9868-4f4d-8d28-4ebe12735e4f,tdc.xyz,resell,,,high,low,3,,,,07/10/2026 09:26
ff712ff4-e217-4bf4-9420-dc68ee750846,minimum.xyz,resell,,,high,low,7,Dynadot Inc,11/01/2019 09:31,11/01/2028 23:59,26/09/2026 07:34
5ee20674-6fcb-4ca2-8c22-777497462f19,quantity.xyz,resell,,,high,low,8,TLD Registrar Solutions Ltd.,04/08/2014 07:37,04/08/2029 23:59,07/10/2026 08:59
c245823f-5fb5-4e35-831f-f947d6813e86,peacenik.xyz,available,,,high,high,8,,,,
11fa7c5e-98c8-4657-860f-e70ca27a6f42,slovenly.xyz,available,1.99,20.99,medium,low,8,name.com,,,18/08/2026 16:55
1b854ef8-035f-404e-a24e-5aca046234ae,gladiolus.xyz,resell,,,high,low,9,West263 International Limited,02/04/2021 23:50,02/04/2028 23:59,26/09/2026 06:23
ce548615-958e-456a-923a-02370b651ffa,throughway.xyz,available,,,high,high,10,,,,
0bf7ebff-4734-44fc-b135-a72dac6eaa51,baseplate.xyz,resell,,,high,low,10,"GoDaddy.com, LLC",24/08/2026 01:33,24/08/2027 23:59,04/10/2026 08:30
722dd24f-97a0-4772-bae3-b6653d4b2f86,treasuring.xyz,resell,,,medium,low,10,"Sav.com, LLC",09/02/2022 12:40,09/02/2027 23:59,26/09/2026 09:45
49015657-3bb4-4d21-9620-5dd139296fdc,kathryn.xyz,resell,,,high,low,7,,,,27/09/2026 07:34
c242f5f6-8e73-44e8-9f28-2b50df8b4cfa,signalization.xyz,available,,,high,low,13,,,,
7e27b011-9f85-442d-a5af-a4f248322633,jinx.xyz,resell,,,high,low,4,West263 International Limited,30/03/2020 00:32,30/03/2028 23:59,26/09/2026 07:00
4dbfe89d-e3dd-4990-826b-59e215ce86f8,interlaken.xyz,resell,,,medium,low,10,,,,06/10/2026 16:05
7313014c-aa69-4416-b59f-28bb0fd0916c,unmined.xyz,available,2,21.48,high,low,7,namecheap,,,12/09/2026 15:41
eab855c5-990d-49aa-8e95-8612229b11eb,cya.xyz,resell,,,high,high,3,"GoDaddy.com, LLC",13/06/2014 16:28,13/06/2027 23:59,26/09/2026 05:23
e7699717-f47c-4414-b1b3-28a9a647005d,gunman.xyz,resell,,,high,low,6,,,,01/10/2026 02:21
53656d3e-8c43-48a2-9294-aca302385769,laccase.xyz,available,,,high,high,7,,,,
bb7a44e7-52f9-4ae3-a444-526515a19c42,feeble.xyz,resell,,,high,low,6,"GoDaddy.com, LLC",02/06/2014 17:07,02/06/2027 23:59,26/09/2026 06:02
f711054f-953d-497e-a5d5-dade8cf2bc5f,haematinic.xyz,available,,,high,high,10,,,,
510c3d89-fd52-4346-85c6-0254150d270b,godfamily.xyz,available,,,high,high,9,,,,
3302fbb9-40b5-4721-9412-128dc9c27197,eyehole.xyz,available,,,high,high,7,,,,
897e7a75-b730-4cac-8a22-cd15b28862d7,gutsiness.xyz,resell,,,high,high,9,"GMO Internet Group, Inc. d/b/a Onamae.com",13/12/2025 13:49,13/12/2026 23:59,26/09/2026 06:32
906826ac-a371-43a5-b988-99b609402f1d,dealie.xyz,available,,,high,high,6,,,,
3d44ee1a-fc78-484c-85f9-ab34980348a8,mayaguez.xyz,available,2.79,17.29,medium,low,8,namesilo,,,06/10/2026 07:35
096081a0-cdc7-4303-991e-5307e327befa,subarytenoid.xyz,available,,,medium,low,12,,,,
e746ff23-279d-4b1c-b608-8bac24846814,fatigue.xyz,resell,,,high,low,7,West263 International Limited,11/05/2019 18:53,11/05/2028 23:59,26/09/2026 06:02
90f7f4b0-0fe7-4440-b7dd-6ccb50ed3569,quintile.xyz,available,,,high,high,8,,,,
ebed020d-2afe-4b30-ac30-45aa49dda092,balloonsonde.xyz,available,,,medium,low,12,,,,
c6723000-2bfd-4ea9-9206-4cd7b448d231,listeners.xyz,resell,,,medium,low,9,,,,29/09/2026 17:43
2fd7720f-eb80-4e84-8557-626ec2a6dde8,vagueness.xyz,available,,,high,high,9,,,,
d0cd770c-49dd-4981-9024-1d45270faa1f,striving.xyz,resell,,,high,low,8,,,,02/10/2026 16:13
38f1983b-d4b0-4420-944d-73b12ffec6ef,charwoman.xyz,available,,,high,high,10,,,,
2ee33038-6e68-4d03-ad73-70aa05803a8a,oxidized.xyz,resell,,,high,low,8,"GoDaddy.com, LLC",14/10/2022 03:22,14/10/2027 23:59,26/09/2026 07:59
ac5c6d29-593f-4f9d-89d3-f077f20bd095,flashy.xyz,resell,,,high,low,6,West263 International Limited,19/03/2020 20:18,19/03/2028 23:59,26/09/2026 06:07
4e576155-8e01-407e-935e-2b0be7619525,accoutering.xyz,available,,,low,low,11,,,,
62822ca4-72c6-476a-af2a-ac6ab3194490,chronologically.xyz,available,,,high,high,15,,,,
c4936e25-8689-4829-b57b-234648abc3f4,oinks.xyz,available,,,medium,low,5,,,,
43e3c21a-4586-467f-a0e6-189e7098d0e6,resinlike.xyz,available,2,21.48,medium,low,9,namecheap,,,09/09/2026 15:11
b93aa9ae-338b-4263-8b93-5b0eaf88e642,behemothian.xyz,available,,,high,high,11,,,,
34784951-7d52-401a-b4c1-1aea672bae28,greyback.xyz,available,,,high,high,8,,,,
1660cbb1-492f-4d70-ae57-4f9a3c996d52,quadricep.xyz,available,,,high,high,9,,,,
a2ac7dd2-7cd5-4cd0-8274-4eac5b42d35a,adaptogen.xyz,available,,,high,high,9,,,,
3c435caa-8b16-4d34-86e4-cbed9f2b3784,reinforce.xyz,resell,,,high,low,9,,,,29/09/2026 20:46
ae7f4bf5-5d42-46c9-a342-0fc69e66a14f,drag.xyz,resell,,,high,low,4,Dynadot Inc,11/11/2017 17:02,11/11/2028 23:59,26/09/2026 05:40
b2f217c9-e47f-4890-934d-3dc3047f0d0d,quangoland.xyz,available,,,high,high,10,,,,
b19c051d-4b8a-4002-ba6a-431c63813a07,sneezes.xyz,available,2.79,17.29,medium,low,7,namesilo,,,20/09/2026 09:46
b17bb7af-4822-4e21-8a09-9babd0cf8564,intermit.xyz,available,,,high,high,8,,,,
9387dc47-3d7e-490c-b351-7fae4c562058,blazer.xyz,resell,,,high,low,6,Dynadot Inc,12/05/2021 23:54,12/05/2028 23:59,26/09/2026 04:28
f0c8e28a-27cc-46d4-9337-f9ac138f2919,surfing.xyz,resell,,,high,low,7,"GoDaddy.com, LLC",02/06/2014 16:13,02/06/2027 23:59,29/09/2026 02:16
9bba3d68-6a85-40cb-9029-4fd51d10a742,paroxysmal.xyz,available,2,21.48,medium,low,10,namecheap,,,08/09/2026 01:54
dc448622-750b-4bf0-bdfb-7320f68bfecc,galere.xyz,available,,,high,high,6,,,,
62fa8402-36e4-4f39-b139-0c82f51c405b,degree.xyz,premium,3250,3250,high,low,6,namecheap,,,23/08/2026 00:33
33c6002a-1463-48e5-8ee8-7c9cdffab9e6,failure.xyz,resell,,,high,low,7,"GoDaddy.com, LLC",02/06/2014 17:07,02/06/2027 23:59,26/09/2026 05:59
fb7f131b-be74-4297-b3e1-7f743ced4808,peppiness.xyz,available,,,high,high,9,,,,
12c293ce-2619-4468-a610-38eba7e3816f,fella.xyz,resell,,,high,low,5,,,,03/10/2026 09:45
558c5d93-501c-4e0a-95da-311094c6762f,doggy.xyz,resell,,,high,low,5,"GoDaddy.com, LLC",03/06/2014 02:11,03/06/2027 23:59,05/10/2026 11:20
1903ebd3-0c0a-4c20-9ed5-feb41229c5ba,streator.xyz,available,2.06,13.97,medium,low,8,spaceship,,,08/10/2026 23:29
e959517c-3cc3-4a11-936b-758a811743a2,wheatflake.xyz,available,,,high,high,10,,,,
6eceaf1b-a58e-4ba7-b9ce-dcdb19d330b7,finger.xyz,resell,,,high,low,6,"GoDaddy.com, LLC",02/06/2014 17:08,02/06/2027 23:59,26/09/2026 06:05
64701e03-2834-4c6a-bd8c-8aa54eef0b29,pimento.xyz,resell,,,high,low,7,"Spaceship, Inc.",11/10/2024 00:19,11/10/2027 23:59,02/10/2026 05:21
54c637a0-a2f2-4ee9-b429-7cfd7ff5c13d,givingness.xyz,available,,,high,low,10,,,,
c8dc2f0a-3e59-4c8a-89b5-1ebffdccb589,repenting.xyz,available,,,high,high,9,,,,
b5dd7039-8a6d-4772-ac91-024daae27660,arui.xyz,resell,,,high,low,4,Alibaba Cloud Computing Ltd. d/b/a HiChina (www.net.cn),06/03/2026 14:06,06/03/2027 23:59,26/09/2026 04:03
fb478b9a-eb5b-48ad-8c31-ca48a2fd4263,ssg.xyz,premium,207.2,207.2,high,low,3,spaceship,,,06/10/2026 19:41
eda79406-1001-4a89-87a7-eac094eedcae,differed.xyz,available,2.79,17.29,medium,low,8,namesilo,,,20/09/2026 05:03
1b554105-0b06-4585-8e8b-7e1041057049,biotite.xyz,available,2,21.48,high,low,7,namecheap,,,23/09/2026 19:13
1aeb7a59-d00d-4196-b59c-114d119e2883,tna.xyz,resell,,,high,low,3,,,,29/09/2026 03:35
265124f0-791f-4e85-b92c-1f290e677351,anglicized.xyz,available,,,high,high,10,,,,
1e77bc9c-cd02-4d61-bb35-eb43ed4f8c29,barren.xyz,resell,,,medium,low,6,"Spaceship, Inc.",08/09/2020 02:34,08/09/2028 23:59,07/10/2026 01:27
53abf552-dae7-4ded-ab44-742a60edf26a,lonely.xyz,resell,,,high,low,6,"GoDaddy.com, LLC",02/06/2014 17:26,02/06/2027 23:59,28/09/2026 09:45
4dd41f88-2f86-47ca-8e01-098b215afbd8,factorizations.xyz,available,,,low,low,14,,,,
e4b57226-877e-474f-ad2a-3441c915616b,aquamarines.xyz,available,,,medium,low,11,,,,
c3b68ddd-6595-4267-9f07-daf0029c566e,vulture.xyz,resell,,,high,low,7,,,,30/09/2026 02:14
35237357-5b4c-4d9d-b379-11814bef658f,chosen.xyz,resell,,,high,low,6,"GoDaddy.com, LLC",02/06/2014 16:57,02/06/2027 23:59,26/09/2026 04:56
06353715-0bef-4a64-996b-3e4af9e73e9d,tyumen.xyz,available,2.79,17.29,medium,low,6,namesilo,,,06/10/2026 22:45
051302cc-bc76-4e81-8be2-62fd4774d291,contriving.xyz,available,,,high,high,10,,,,
0ef1f012-023a-452a-9340-9cb53a0f05d1,whitewash.xyz,resell,,,high,low,9,,,,05/10/2026 14:21
e0d071f0-b27b-4b43-b109-1fd1a2777147,klaukkala.xyz,available,,,high,high,9,,,,
ac9ee7e9-3790-4321-97f8-bb68aa6d8da0,frenemies.xyz,resell,,,medium,medium,9,"Sav.com, LLC - 7",13/06/2022 11:53,13/06/2027 23:59,26/09/2026 06:15
d17de607-201d-45dc-ade7-3ea3f6c39caa,gettable.xyz,resell,,,medium,low,8,Alibaba Cloud Computing Ltd. d/b/a HiChina (www.net.cn),25/09/2026 05:12,25/09/2027 23:59,26/09/2026 06:22
402f3a30-6392-4d17-bd92-93bc2d36fa80,arcadia.xyz,resell,,,high,medium,7,Dynadot Inc,03/11/2017 08:58,03/11/2030 23:59,26/09/2026 03:58
3e7cbce3-9ad1-420b-9558-101c091702c0,tattooists.xyz,available,,,medium,low,10,,,,
8f54194e-66db-447b-8161-a5c85acb1abc,wheeled.xyz,available,,,high,low,7,,,,
05a32a52-20ea-4c9c-b18e-2365ba5508cc,daria.xyz,resell,,,high,low,5,,,,03/10/2026 04:49
0f9696c3-4fc7-45ad-8146-519bb825beb1,wrap.xyz,resell,,,high,low,4,"GoDaddy Corporate Domains, LLC",05/06/2014 04:33,05/06/2027 23:59,26/09/2026 10:14
bfa96d80-f743-4431-8921-968e292b6924,bullfights.xyz,available,,,medium,low,10,,,,
50c675c7-7a23-41f7-ba0b-c4f808a7dba0,sensuall.xyz,available,,,high,high,8,,,,
445ed829-59a3-4d44-a481-603c99a42cfe,comusnavcent.xyz,available,,,high,high,12,,,,
214afc36-5eeb-452a-ac4f-3586ebe30569,regular.xyz,resell,,,high,low,7,"GoDaddy.com, LLC",02/06/2014 16:33,02/06/2027 23:59,27/09/2026 11:38
e714ea53-3c84-4436-a87d-0d45c186a7a0,deputized.xyz,available,,,medium,low,9,,,,
4b4729eb-9685-47f4-9210-627589996673,mattie.xyz,resell,,,high,low,6,,,,30/09/2026 04:29
adcd08ed-af2b-43c5-9edf-658754de883d,wedgie.xyz,available,,,high,high,6,,,,
6998931c-d28a-4e28-8eb2-672f5c44f94b,menacing.xyz,available,1.99,20.99,high,low,8,name.com,,,24/08/2026 19:55
beb7e88e-47ab-49a3-81fc-8f9f171e1cad,smudginess.xyz,available,,,high,low,10,,,,
376be0cc-06b9-4189-8f6d-ba27ce779aa5,colorwork.xyz,available,,,high,high,9,,,,
f0468689-30f5-4aa2-a81b-ea9c1de8cae1,mercantile.xyz,resell,,,high,low,10,Xin Net Technology Corporation,17/06/2020 21:54,17/06/2030 23:59,26/09/2026 07:31
efcceeb0-c72b-49fc-8ef7-9c797f8f38c2,bureaucrats.xyz,resell,,,medium,low,11,,,,03/10/2026 17:35
f1d82580-b11e-49fc-8244-9983aef3a621,efferent.xyz,resell,,,high,low,8,"GoDaddy.com, LLC",10/06/2024 19:06,10/06/2027 23:59,26/09/2026 05:46
4190faa7-079e-4f90-badd-759e795449ab,sunniness.xyz,available,,,high,high,9,,,,
a16f08d5-ed46-4ffa-9dd1-8d3fe7736301,forthbear.xyz,available,,,high,high,9,,,,
c75e9333-8330-472f-a82c-6bfab0c6a3a0,spermaceti.xyz,available,,,high,high,10,,,,
aff8f821-0000-489f-bf13-e5a46416cbcc,fibreglass.xyz,available,,,high,high,10,,,,
fa39e389-734d-4db2-998b-9c1795d22b9c,forehead.xyz,resell,,,high,low,8,Automattic Inc.,27/05/2021 18:09,27/05/2031 23:59,29/09/2026 04:37
a7fabea0-7e55-48ce-94b9-209478fbbc62,piscatory.xyz,available,2,21.48,high,medium,9,namecheap,,,08/09/2026 19:59
30ad9a05-ab67-41aa-a032-34b7682e629e,amphoric.xyz,available,12.3,11.2,medium,low,8,cloudflare,,,05/10/2026 18:33
47d041e5-c4d7-4f32-8204-9eeaa5c11650,classward.xyz,available,,,medium,low,9,,,,
1900de3a-601c-4847-a057-ad72aeeab5c7,fontenoy.xyz,available,2.79,17.29,medium,low,8,namesilo,,,22/09/2026 15:04
cdabb2eb-7eb4-4f1a-bce2-cb17653b5ae7,rfd.xyz,resell,,,high,low,3,,,,08/10/2026 09:34
09afbe78-5777-4efe-97ab-bfe1d9104a07,cgi.xyz,premium,1000.5,,high,high,3,unstoppable,,,29/09/2026 09:23
22b8488b-9400-46cc-b93b-33747e99a27e,unwrapping.xyz,available,,,high,medium,10,,,,
33e6b060-439c-4010-a14f-e11bc45dfd0d,credobaptism.xyz,available,,,high,high,12,,,,
d4610b31-8f58-42e6-b316-85963eaef5dd,overpass.xyz,resell,,,high,low,8,Automattic Inc.,30/12/2021 08:24,30/12/2030 23:59,03/10/2026 10:52
c135b902-3f18-442a-929f-30bef92dc671,middies.xyz,available,,,high,low,7,,,,
dfbe5ecd-4fe2-40cd-813a-f144069fd31c,ofcom.xyz,available,,,high,high,5,,,,
7d5cd61e-45eb-4b7b-a924-4896f86e6652,fallen.xyz,resell,2758.85,20.99,high,low,6,"GoDaddy.com, LLC",18/08/2025 23:11,18/08/2027 23:59,26/09/2026 06:00
605982bb-ff2a-4388-9e09-f6007f9eda12,farsighted.xyz,resell,,,high,low,10,"GoDaddy.com, LLC",20/02/2023 12:41,20/02/2027 23:59,26/09/2026 06:01
86563202-83c5-436b-a8f4-e3c66e29cf7e,rijstaffel.xyz,available,,,high,high,10,,,,
48c31bfe-0b80-4327-adc9-112a7bb64d00,spaciousness.xyz,available,,,high,low,12,,,,
372a824d-64ab-4b35-9fc8-896bacff253c,motherwell.xyz,available,2.06,13.97,medium,low,10,spaceship,,,30/09/2026 18:05
f1785863-c60a-401d-a299-4a1ef3aec093,freckling.xyz,available,,,high,high,9,,,,
6deefec7-e5ac-4ba3-8701-cb8eb337bd33,novy.xyz,resell,,,high,low,4,,,,05/10/2026 04:28
5fec0723-f085-47f2-9804-79f174d70f94,ifn.xyz,resell,,,high,low,3,,,,05/10/2026 05:03
4261b597-85bb-4e57-ba48-1ca99a146bef,smoothingly.xyz,available,,,high,high,11,,,,
e4121385-b791-4746-a316-d4c880f2f283,photographical.xyz,available,,,high,high,14,,,,
1e7a8f7d-7a28-4eca-989c-d266a9ac24cd,clarabel.xyz,available,,,high,high,8,,,,
0dcac589-ad40-4440-8626-f4d9199ff730,admired.xyz,resell,,,high,low,7,West263 International Limited,29/10/2021 23:25,29/10/2028 23:59,26/09/2026 01:23
bfeff67b-86a1-4fee-8e17-4c25b9a2bf82,keeps.xyz,resell,,,high,low,5,West263 International Limited,27/02/2020 20:21,27/02/2028 23:59,26/09/2026 07:04
3db31292-856c-4bea-b647-4d86ef494232,moccasin.xyz,resell,,,high,high,8,Dynadot Inc,02/08/2021 11:19,02/08/2027 23:59,26/09/2026 07:35
94df2752-289a-4f4d-81dc-9b8109cbb71f,determinably.xyz,available,,,high,high,12,,,,
fb8a51f0-bfba-40e4-943d-7dbee14cc634,gustative.xyz,available,1.99,20.99,medium,low,9,name.com,,,20/08/2026 21:08
eb02c181-69f5-48ad-94d4-d6e8acc538f5,cycloid.xyz,resell,,,medium,low,7,"Sav.com, LLC",02/05/2022 08:28,02/05/2027 23:59,26/09/2026 05:24
3e552f0a-0887-456d-9420-e06ad2f3f524,videotapes.xyz,available,2.79,17.29,medium,low,10,namesilo,,,05/10/2026 22:55
88ce6417-9195-4ae2-a18e-8d07678b677f,heliconist.xyz,available,,,high,high,10,,,,
dc1f28b5-3dcd-4dad-8795-3a51158715af,moorfowl.xyz,available,,,high,high,8,,,,
10094aab-4edd-4000-aa5a-83765b9cb3e0,filipino.xyz,resell,,,high,low,8,West263 International Limited,18/04/2020 23:37,18/04/2028 23:59,26/09/2026 06:04
3bb7d0ed-90bd-4c7b-9768-d2ae2ee9bd98,younglike.xyz,available,,,high,high,9,,,,
4ee4ee40-d46c-4c40-9b7d-3fbce0c935cc,compendious.xyz,available,,,high,high,11,,,,
9f9165f3-f907-4436-8dcc-05c0e14e9137,keyframes.xyz,resell,,,high,medium,9,Alibaba Cloud Computing Ltd. d/b/a HiChina (www.net.cn),05/09/2026 21:16,05/09/2027 23:59,26/09/2026 07:04
2e9e5d7a-e9f2-4516-b770-3ab7529aec2f,thrilling.xyz,premium,9233.18,20.99,high,low,9,West263 International Limited,24/10/2020 08:26,24/10/2028 23:59,16/08/2026 02:41
07516e27-d7e1-4e02-a2af-5757ba88f655,apidae.xyz,resell,,,medium,low,6,Dynadot Inc,01/06/2026 07:32,01/06/2027 23:59,26/09/2026 03:55
d310e33d-495b-4e25-b46a-2442646f1d78,timon.xyz,resell,,,high,low,5,,,,06/10/2026 06:59
e5b2fbb5-7fd7-4f86-bbd9-f2b0e48e8ec7,spayed.xyz,resell,,,high,medium,6,"GMO Internet Group, Inc. d/b/a Onamae.com",01/07/2026 11:02,01/07/2027 23:59,26/09/2026 09:11
0e94a824-9e71-42e8-a75a-a4e3c616a203,transmissivity.xyz,available,,,medium,low,14,,,,
23c47f58-7521-4a44-91aa-2ac1cb2ad96d,uncolored.xyz,available,1.99,20.99,high,low,9,name.com,,,12/09/2026 02:06
81ed4140-6585-4d18-bf7f-f83fafacc368,balloonless.xyz,available,,,medium,low,11,,,,
356f65a1-1377-4da8-850d-bc06cc051c83,exultant.xyz,resell,,,high,low,8,"Spaceship, Inc.",27/05/2026 20:32,27/05/2027 23:59,26/09/2026 05:58
a98439c9-452a-4a54-b8d8-5c3b92cbd436,inflict.xyz,resell,,,high,low,7,,,,30/09/2026 03:14
86f5d995-c5c8-4c1f-82d0-19125cef414e,dinarides.xyz,available,,,high,high,9,,,,
032f3474-8149-4b58-8fb8-45d7de34104e,chickahominy.xyz,available,,,high,high,12,,,,
1356af7a-dece-4e2a-b7ab-30f44c4c73a8,aucklander.xyz,available,,,high,medium,10,,,,
c85e1a58-e475-4ed6-9a2e-c5c6dc7caf44,bayer.xyz,resell,,,high,medium,5,Squarespace Domains II LLC,14/08/2021 21:07,14/08/2030 23:59,28/09/2026 17:45
20d7eeb0-0b8b-45e1-a89b-17ec4c92ba18,totemic.xyz,resell,,,medium,low,7,"GoDaddy.com, LLC",15/08/2024 21:10,15/08/2027 23:59,26/09/2026 09:41
c524a338-e5c3-4d48-8556-1657b2f21660,crippled.xyz,available,1.99,20.99,high,low,8,name.com,,,13/08/2026 07:00
f7934e57-e9d7-4a8d-95a1-c85a1d7a3cc5,manxness.xyz,available,,,medium,low,8,,,,
96415ae5-741a-4331-914b-620175374905,charivari.xyz,available,2.79,17.29,high,low,9,namesilo,,,23/09/2026 06:08
3d80a4b1-11b1-4df5-8092-bd150a23ab3a,assayer.xyz,available,2.79,17.29,high,low,7,namesilo,,,20/09/2026 15:59
32c64080-29c9-47f7-8c0e-fce6f10e5e8b,synagogues.xyz,resell,,,medium,low,10,,,,07/10/2026 02:39
8801b936-9090-48af-aec0-5f5cebb6407f,abirritates.xyz,available,,,medium,low,11,,,,
cfa66872-bd63-4914-9692-5df22e7e54b9,brachial.xyz,available,2,21.48,medium,low,8,namecheap,,,08/10/2026 19:14
1014b9ca-2d25-46d2-9328-9a90bcae42fe,bruegel.xyz,available,2.79,17.29,high,low,7,namesilo,,,08/10/2026 02:22
c077eb49-1e47-41c6-aa73-b08d28f5a56f,accrescences.xyz,available,,,low,low,12,,,,
5bf1c7a9-ddf8-43d8-8489-7fc0d6e2ae10,present.xyz,resell,,,high,low,7,"GoDaddy.com, LLC",02/06/2014 17:38,02/06/2027 23:59,08/10/2026 12:11
3bcabdae-3e6f-4f37-ae1b-da0400993996,khosrow.xyz,available,2.79,17.29,medium,low,7,namesilo,,,08/10/2026 21:57
9ef7917d-09e2-439d-9ab1-63b47c8d5c8a,televises.xyz,available,,,medium,low,9,,,,
088d27f4-20d3-4b07-ab58-0261e9b57494,gta.xyz,resell,,,high,high,3,,,,05/10/2026 15:23
0ecdb72a-a016-4b8b-95fe-892d96a59158,electricians.xyz,resell,,,medium,low,12,Dynadot Inc,17/08/2020 00:56,17/08/2028 23:59,26/09/2026 05:47
d44dcd01-7b30-4201-ab33-1b4facc2c85f,substrates.xyz,resell,,,medium,low,10,"GoDaddy.com, LLC",02/03/2023 01:35,02/03/2027 23:59,26/09/2026 09:23
2da1756a-b66c-4ec5-910c-44fb17d8a272,autism.xyz,resell,,,high,low,6,Dynadot Inc,20/08/2017 15:53,20/08/2030 23:59,26/09/2026 04:09
e6650d5d-bc1f-45f4-aece-5c545ea373a5,autofocus.xyz,resell,,,high,low,9,West263 International Limited,17/08/2021 08:29,17/08/2028 23:59,26/09/2026 04:09
2e801264-8ca1-4658-98ad-c29271e73fef,mfwic.xyz,available,,,high,high,5,,,,
32d7fc1f-cc50-4ea3-a882-c8f157876036,fatten.xyz,resell,,,high,low,6,"GMO Internet Group, Inc. d/b/a Onamae.com",11/12/2025 21:26,11/12/2026 23:59,26/09/2026 06:02
5cf2ba09-cdd8-4c84-91be-3995acb01252,lesbianism.xyz,available,,,high,medium,10,,,,
865fbb22-d6c0-44b4-84f6-85c1d95bc270,wavefunction.xyz,resell,,,high,low,12,,,,06/10/2026 03:34
318c3af2-4665-447c-bd35-00f695fd34d8,sharkwatching.xyz,available,,,high,high,13,,,,
e900fe36-1a67-4598-89d2-342aa253552f,valerius.xyz,resell,,,high,low,8,,,,02/10/2026 09:29
6e00790a-ec4d-4812-bf25-8d66542c2a9b,conscious.xyz,resell,,,high,low,9,"GoDaddy.com, LLC",02/06/2014 16:59,02/06/2027 23:59,26/09/2026 05:12
f06b4753-cfc6-4bf3-80aa-96b8f0c3e5c3,interning.xyz,available,,,high,high,9,,,,
dd23c9bb-ca2e-48cc-ba0d-2dabbf62ba16,lobar.xyz,resell,,,medium,low,5,"GMO Internet Group, Inc. d/b/a Onamae.com",11/06/2026 06:32,11/06/2027 23:59,26/09/2026 07:17
cb7b01c7-1cd9-4dc2-a174-5d239408cd69,comfort.xyz,resell,,,high,low,7,Dynadot Inc,16/11/2018 03:11,16/11/2030 23:59,26/09/2026 05:08
279aecac-655a-46e0-9fe6-e2a2c3c9cc94,dozen.xyz,resell,,,high,low,5,Dynadot Inc,17/09/2016 18:37,17/09/2028 23:59,26/09/2026 05:40
11106f53-51f9-44a4-a51b-70411fa01af6,modulation.xyz,resell,,,high,low,10,,,,03/10/2026 20:31
659412ff-8628-453f-9112-5c444d77ea4e,tasso.xyz,resell,,,high,low,5,,,,02/10/2026 16:55
8b7fbfb2-4803-44f5-8b71-685718f58acb,walkover.xyz,available,,,high,high,8,,,,
8dc91815-9de5-4848-9cb7-596908321209,annelida.xyz,available,2.79,17.29,medium,low,8,namesilo,,,19/09/2026 10:23
20add329-16e5-43ab-b487-64888e0d2e2e,thwack.xyz,resell,,,high,low,6,Alibaba Cloud Computing Ltd. d/b/a HiChina (www.net.cn),21/12/2025 03:48,21/12/2026 23:59,26/09/2026 09:37
441f388a-8a49-4d42-9ffb-6476a3f087b4,accretions.xyz,available,,,medium,low,10,,,,
e03b9dda-1e04-4e44-9ddf-194cf8b0c0ba,washbag.xyz,available,,,high,high,7,,,,
995d94f3-6197-4da1-82bb-3661ee4260c0,showed.xyz,resell,,,medium,low,6,"GoDaddy.com, LLC",10/01/2026 02:40,10/01/2027 23:59,03/10/2026 10:34
957f0de1-31f0-4ead-9ba0-98c83b505895,hugely.xyz,resell,,,high,low,6,Dynadot Inc,03/06/2026 09:58,03/06/2027 23:59,26/09/2026 06:45
defb9766-420f-45ae-9ffb-7e23d8316f80,coc.xyz,resell,,,high,low,3,,,,04/10/2026 15:49
21c70a4f-bc13-4f1f-bee1-93adc27c76b3,coffeehousing.xyz,available,2,21.48,medium,low,13,namecheap,,,20/09/2026 21:09
a9e46eb6-6ed7-4678-b4d3-9e7254b05bed,modernisation.xyz,resell,,,high,low,13,,,,30/09/2026 23:56
c18d01b0-efc5-452d-b1ed-0fd1c166861b,subjunctive.xyz,available,,,high,high,11,,,,
9ba92a9b-b36f-4f8b-99e5-4ccda75c7bdd,circling.xyz,resell,,,high,low,8,,,,30/09/2026 07:20
7122196c-54ee-4943-9518-65e7d2360731,echoing.xyz,resell,,,high,low,7,,,,30/09/2026 03:52
668b31b1-3c75-4c7f-aff1-45fc512b7825,encircling.xyz,available,,,high,high,10,,,,
939a88d4-28b7-4d8d-8111-eb393baa593c,didi.xyz,resell,,,high,low,4,,,,03/10/2026 23:10
ab698d8b-ab45-416f-a96e-f6a9080b748d,savouring.xyz,available,,,high,medium,9,,,,
a6b80366-5b44-4f45-9a6d-ea9538ef22c7,paparazzi.xyz,resell,,,high,low,9,"GoDaddy.com, LLC",02/06/2014 17:35,02/06/2027 23:59,26/09/2026 08:01
63d36890-80fe-43b4-ae1a-1c9a53a6a6d5,timed.xyz,resell,,,high,low,5,"GoDaddy.com, LLC",20/03/2023 08:15,20/03/2027 23:59,26/09/2026 09:38
ebb575fc-8e85-4212-bada-1094e52cd047,australs.xyz,available,,,medium,low,8,,,,
5004cd3b-56ab-4582-a44e-0056fe5f7956,waterworker.xyz,available,,,high,high,11,,,,
470561e3-49ff-46d3-a0da-002c7ce29e89,pembrokeshire.xyz,available,12.3,11.2,medium,low,13,cloudflare,,,04/10/2026 01:14
013511f1-96ae-4bf9-b4d4-4aa26aafe338,editorlike.xyz,available,,,high,high,10,,,,
69465629-2a75-407f-9196-d50fae98ddfe,piefaced.xyz,available,,,high,high,9,,,,
f5dd8343-9296-4d4a-b2d9-ffb42b58d753,sharpless.xyz,available,2.79,17.29,medium,low,9,namesilo,,,06/10/2026 08:40
e07b65bd-ca8e-4135-aa1a-ec40e5f6ee2b,firmly.xyz,resell,,,high,low,6,West263 International Limited,04/10/2020 21:41,04/10/2028 23:59,26/09/2026 06:06
6e1896ea-b107-47b7-a5f1-8785868f5115,pls.xyz,premium,1000.5,1107,high,low,3,unstoppable,,,04/10/2026 12:12
7d79d42c-632f-4c2d-ba76-4b24eb1698ad,ladyfinger.xyz,available,,,high,high,10,,,,
2276e187-079b-45c2-81c6-1305fa1900e5,backcheck.xyz,available,,,high,high,9,,,,
9f9a49c4-6fda-4d06-bd7b-5f1527aab044,toymaker.xyz,resell,,,high,high,8,"GoDaddy.com, LLC",10/12/2020 17:16,10/12/2026 23:59,26/09/2026 09:42
e16f43bd-9d98-4b55-b61f-61a4620a6e44,nonweather.xyz,available,,,high,high,10,,,,
1063ada7-e95a-4e35-9e46-1cd0e9479318,impartial.xyz,resell,,,high,low,9,Dynadot Inc,28/07/2019 11:36,28/07/2027 23:59,26/09/2026 06:49
95532230-b247-4826-8537-67bf2ae6e268,unhearing.xyz,available,1.99,20.99,medium,low,9,name.com,,,13/08/2026 19:50
62484c68-259b-4311-9cbe-c664aba9b382,lamorte.xyz,available,,,high,high,7,,,,
6d3d0d9e-d1bf-4071-ae8f-a43cbe72d66f,asthenia.xyz,available,2.79,17.29,medium,low,8,namesilo,,,20/09/2026 17:17
6b9ab9cf-3f18-432d-b7fe-e2465f8e1888,spiffier.xyz,available,,,medium,low,8,,,,
8723315d-e9c6-4aa6-81b5-44032181948a,thematically.xyz,available,,,high,high,12,,,,
dd52f986-ec71-4527-bf8a-8ef7456b75ca,maledict.xyz,available,2.79,17.29,medium,low,8,namesilo,,,05/10/2026 02:08
a00e5924-bc14-4150-bbcb-0ae0d20c77a1,summoning.xyz,resell,,,high,low,9,,,,05/10/2026 01:42
9d49562f-9497-471b-aeb3-64f1646037fd,mep.xyz,resell,,,high,low,3,,,,30/09/2026 11:32
d6d81d29-6013-4768-8e78-b59430f3e2d1,simile.xyz,resell,,,high,high,6,"Sav.com, LLC",09/08/2021 20:30,09/08/2027 23:59,26/09/2026 09:02
30322144-ef73-4a59-87ef-f2190f2868fe,appln.xyz,available,,,high,high,5,,,,
3036e65d-f2a4-4b72-b233-f0dfe949ebe0,telescopes.xyz,resell,,,medium,low,10,,,,02/10/2026 23:21
e3591292-1661-4c73-b636-c7c4915dc62f,conterminous.xyz,available,,,high,high,12,,,,
18ab1224-40c1-4105-89a3-cf7de632fa08,catt.xyz,resell,,,high,low,4,,,,04/10/2026 17:08
e2ad4e20-5310-4d9c-b9b0-b3acc53eaeb4,blonde.xyz,resell,,,high,low,6,"GoDaddy.com, LLC",02/06/2014 16:51,02/06/2027 23:59,26/09/2026 04:29
ef528cfd-af4d-40a6-9ee0-724c31d89935,eudaemonia.xyz,resell,,,high,low,10,"GMO Internet Group, Inc. d/b/a Onamae.com",09/08/2026 21:49,09/08/2027 23:59,26/09/2026 05:54
279e7346-e3db-4529-abc7-57c56f8b5c0c,dynel.xyz,available,,,high,high,5,,,,
616ca5d9-08d2-4084-a0fb-b3fe152032ce,jimbo.xyz,resell,,,high,low,5,,,,06/10/2026 21:25
89b2cabb-dd89-4581-aba6-0529904eb839,summit.xyz,resell,,,high,medium,6,"GoDaddy.com, LLC",02/06/2014 17:36,02/06/2027 23:59,26/09/2026 09:24
1ff5bc53-55a5-48b4-899c-82f9fb81dbed,fanciable.xyz,available,,,high,high,9,,,,
337f5a4f-b06b-40ee-867e-6a9ba305d95a,memorably.xyz,resell,,,high,low,9,"GMO Internet Group, Inc. d/b/a Onamae.com",10/05/2026 22:51,10/05/2027 23:59,26/09/2026 07:30
42761a0a-7fe5-4023-836f-b805330b9b5f,salix.xyz,resell,,,high,low,5,,,,30/09/2026 17:27
07516403-4145-4bee-b166-7a380092afc2,yeasty.xyz,available,2.06,13.97,medium,low,6,spaceship,,,07/10/2026 01:12
d05960df-077a-457d-942b-0d1483297c46,magnesium.xyz,resell,,,high,low,9,West263 International Limited,19/01/2020 14:48,19/01/2028 23:59,26/09/2026 07:22
c2185e04-c0b7-4b2a-aecb-edad66f7f40f,girlier.xyz,available,,,medium,low,7,,,,
f0036a97-fd9f-486d-95d0-1795fd205a5a,oat.xyz,resell,,,high,low,3,Porkbun LLC,03/12/2021 10:19,03/12/2026 23:59,02/10/2026 16:13
d9f44fb1-e649-4fb6-9f0d-2afa59e8f422,sleepiest.xyz,available,,,medium,low,9,,,,
12476469-4c0d-488b-bcf1-b4cea9295976,urea.xyz,resell,,,high,high,4,Dynadot Inc,03/04/2020 03:03,03/04/2027 23:59,26/09/2026 09:54
d82fac91-a308-442e-b062-931e3e8f96ee,lig.xyz,resell,,,high,low,3,,,,30/09/2026 19:16
65b02d4c-fc74-423f-b47d-6f816c4eb04f,outflanks.xyz,available,,,medium,low,9,,,,
aa913d32-803e-4a3c-a06c-f0246de0de0a,mafia.xyz,resell,,,high,low,5,Dynadot Inc,07/06/2014 17:00,07/06/2027 23:59,26/09/2026 07:22
3376c3e4-14ef-4231-851f-7a6d678d6077,drillstring.xyz,available,,,high,high,11,,,,
155fb641-afb7-437a-bd00-376053b56c2d,chevy.xyz,resell,,,high,low,5,,,,03/10/2026 01:11
f4b65c81-53fb-49a2-acba-572acd5586c3,evident.xyz,resell,,,high,low,7,,,,06/10/2026 02:05
5b336dc2-4520-4735-8dc1-14c8b7f4c05f,regularity.xyz,resell,,,high,low,10,,,,03/10/2026 00:56
8da97f60-d9ee-423a-834e-988377e5bcc3,hectometer.xyz,available,,,high,high,10,,,,
464e75f1-e821-434c-944c-1399bb1b758d,hag.xyz,resell,,,high,low,3,West263 International Limited,17/08/2020 02:41,17/08/2028 23:59,26/09/2026 06:32
45a27ce1-8851-485a-8d51-56a4a8de0894,sitrep.xyz,resell,,,high,high,6,"Chengdu West Dimension Digital Technology Co., Ltd.",23/04/2026 15:06,23/04/2027 23:59,26/09/2026 09:03
f9f84cd1-1529-424c-8f88-1edb7bfc043c,frauenfeld.xyz,available,,,high,high,10,,,,
88ad8e2e-23b0-40a9-8978-30ece1288b46,geospatial.xyz,resell,,,high,low,10,,,,03/10/2026 16:59
289d556f-c1b4-4795-a7b4-913754b65214,tined.xyz,resell,,,medium,low,5,"GMO Internet Group, Inc. d/b/a Onamae.com",12/06/2026 07:43,12/06/2027 23:59,26/09/2026 09:38
540081fa-a401-41d4-b9eb-3492bdce6c46,unshoed.xyz,available,2,21.48,medium,low,7,namecheap,,,12/09/2026 19:51
80811996-da49-4b7a-88e3-d62b7754b442,harmsworth.xyz,available,2.79,17.29,high,low,10,namesilo,,,18/09/2026 06:27
00d598c6-26a6-4c4a-9341-bbe1e8823547,endpaper.xyz,available,,,medium,low,9,,,,
d91bd5e3-4c25-403e-b92f-d4f357b797be,grandfatherly.xyz,available,,,high,high,13,,,,
d940e5fe-8677-42a7-84b3-590fde43b20b,papist.xyz,available,2,21.48,medium,low,6,namecheap,,,05/09/2026 01:35
20aad372-063c-4ea8-9a4f-621220c9b5da,humungous.xyz,available,,,high,high,9,,,,
3417d532-ae30-473b-991e-2e6225979d2d,pinking.xyz,available,,,high,high,7,,,,
2c18f8a3-3da8-4602-b10b-612640e6d74f,luckiest.xyz,available,,,high,medium,8,,,,
12e00241-bab4-47e1-b0aa-b1ce5ca2d62b,millicent.xyz,resell,,,medium,low,9,,,,02/10/2026 00:11
35f24371-acfc-45b5-8b2d-beced9497f82,unip.xyz,available,,,high,high,4,,,,
4cb65be3-05dd-4a2d-96f6-28dd4c4320c5,photomedicine.xyz,available,,,high,high,13,,,,
a5d42510-2b21-4ec1-935d-02fa862a01ff,tci.xyz,resell,,,high,low,3,,,,04/10/2026 00:38
a82d5e66-36f1-425b-a099-afc85b33b6d9,newland.xyz,resell,,,high,low,7,,,,02/10/2026 21:10
74151396-cb4a-438f-85f1-f8d64e28545d,reilly.xyz,resell,,,high,low,6,,,,27/09/2026 02:49
5e727d75-d7f1-49d1-ac67-81ac8e156ad5,earlyish.xyz,available,1.99,20.99,medium,low,8,name.com,,,14/08/2026 22:29
4eb862fc-f51d-4028-ba49-102e9d3c6dcc,stepdaughters.xyz,available,,,medium,low,13,,,,
a8b4a1b0-756b-412f-996e-55025e23a5a5,sloths.xyz,available,,,high,medium,6,,,,
cb639687-bc15-44c4-8dea-79f62867cabf,chewer.xyz,available,,,high,high,6,,,,
d9499f1f-cec3-4978-8978-498745f05151,kerchoo.xyz,available,,,high,high,7,,,,
9fdd840b-4466-47fd-b17c-baaa5b810539,catalina.xyz,resell,,,high,low,8,,,,01/10/2026 23:03
5c866e59-9fc3-4294-bc7b-2e1905ecc901,lxviii.xyz,available,1.99,14.45,medium,low,6,dynadot,,,04/10/2026 19:18
c81ed6c6-be23-4f51-b58b-f5b01a5d136f,ericson.xyz,resell,,,high,low,7,,,,04/10/2026 03:49
add5fb27-8db3-4a3f-b80f-7ae04c712d1e,solution.xyz,resell,,,high,low,8,Alibaba Cloud Computing Ltd. d/b/a HiChina (www.net.cn),20/08/2018 08:15,20/08/2034 23:59,30/09/2026 11:31
ebafa364-06d0-4f00-9cef-9f2b35624865,boob.xyz,resell,,,medium,low,4,"Spaceship, Inc.",03/11/2019 01:55,03/11/2027 23:59,29/09/2026 03:04
b1237f2c-7a69-49d6-bba1-09a62acead29,lompoc.xyz,available,2.06,13.97,high,low,6,spaceship,,,07/10/2026 00:22
26ffa38d-bf6a-4eeb-85aa-d52e9cc4f4f7,opalware.xyz,available,,,high,low,8,,,,
2ed0ffe2-2a10-4acc-8fe1-83685bb81421,decadently.xyz,available,,,high,high,10,,,,
52878a41-af04-4442-b9b6-3aa5086ead85,sigourney.xyz,available,2.06,13.97,high,low,9,spaceship,,,06/10/2026 12:23
ee84b98e-ab0f-4c13-a44b-4c5c2c28f166,interlocking.xyz,resell,,,high,low,12,,,,02/10/2026 17:50
1f1860ec-b849-4392-8d53-be24f1fc4efa,chock.xyz,resell,,,medium,low,5,"GoDaddy.com, LLC",11/09/2022 08:46,11/09/2027 23:59,26/09/2026 04:55
e0ded812-0d7e-4045-bd56-419b6a3fdbf3,ding.xyz,resell,,,medium,low,4,Unstoppable Domains Inc.,07/07/2014 08:59,07/07/2031 23:59,28/09/2026 14:30
9b5b0443-d40a-42bd-9115-8a2312f917fe,earthwork.xyz,resell,,,high,low,9,,,,07/10/2026 06:38
71bc48b3-8762-4237-8677-de1c1c604781,ixl.xyz,premium,242,242,high,low,3,namesilo,,,04/10/2026 16:47
e78a893c-acf5-4fa9-8371-1067e8a7d74b,conformist.xyz,available,,,high,low,10,,,,
c361d826-fe0e-46bb-b7e9-f104938b8732,abdollah.xyz,available,19.48,,high,high,8,namecheap,,,
5dde4153-e0c6-4115-831d-26b4b917eabe,renumbering.xyz,available,2.79,17.29,high,high,11,namesilo,,,25/09/2026 13:28
cc9cc6ce-1a84-46ff-92f5-139cd230a7de,tippy.xyz,resell,,,high,low,5,"GoDaddy.com, LLC",17/08/2025 23:44,17/08/2027 23:59,26/09/2026 09:38
e143b6a9-d0d9-4d2a-b44e-8d66e7c40562,tibetan.xyz,resell,,,high,low,7,"GoDaddy.com, LLC",28/06/2022 02:28,28/06/2027 23:59,26/09/2026 09:37
c7b3214b-c806-4d64-a521-3f04e8d9e495,secureness.xyz,resell,,,high,high,10,"GMO Internet Group, Inc. d/b/a Onamae.com",10/09/2026 04:33,10/09/2027 23:59,26/09/2026 08:53
41f4f1da-ca06-442b-98f3-0ebe072812b6,exercisers.xyz,available,,,medium,low,10,,,,
4c38dc8b-27a4-4fda-ab77-42f02d049507,beigel.xyz,available,2,21.48,high,low,6,namecheap,,,21/09/2026 17:54
a5d8e988-42c2-453f-b488-c82ac1a12aa6,aerate.xyz,resell,,,high,low,6,Unstoppable Domains Inc.,05/02/2022 02:12,05/02/2027 23:59,26/09/2026 01:24
fe318dbd-6c81-4cfb-9a3f-408f7fe910b2,kingcup.xyz,available,,,high,high,7,,,,
73b89acf-6135-4dd1-83d4-a88c89e8f734,waitee.xyz,available,,,high,high,6,,,,
27a0e581-2863-4491-8e6d-97cec92c6ca5,useless.xyz,resell,,,medium,low,7,,,,28/09/2026 10:02
7bec6077-5560-41d6-9d71-32ff2e454120,hartebeest.xyz,available,,,high,high,10,,,,
4d672e0b-fbf9-442c-9fc7-a6dae9be52fc,tackles.xyz,resell,,,medium,low,7,,,,05/10/2026 09:02
3e9f6702-84bc-4182-8cbb-501a436ba6be,fremont.xyz,resell,,,high,low,7,,,,27/09/2026 04:04
8173d085-df64-40f8-bba4-85b91d4f5ec7,milkbars.xyz,available,,,medium,low,8,,,,
a7c7b033-9f4c-4e57-be79-2b52ceae97a9,busfares.xyz,available,,,medium,low,8,,,,
90befd29-b27c-43db-84fc-c11722ce62fd,robots.xyz,resell,,,high,medium,6,"GoDaddy.com, LLC",02/06/2014 17:37,02/06/2027 23:59,08/10/2026 02:44
24beacd8-b485-4347-b0b2-e04dbd2e95e2,innocuously.xyz,available,,,high,medium,11,,,,
62fe621a-136e-4f04-98aa-1484fe0d46ac,oppressive.xyz,available,2,21.48,medium,low,10,namecheap,,,04/09/2026 16:52
b1349416-6475-4cda-89e7-2ee9f6b69612,fairing.xyz,resell,,,high,high,7,Dynadot Inc,04/05/2026 09:17,04/05/2027 23:59,26/09/2026 05:59
972ef5f6-6aa4-4991-a8e1-e5c5e6690b31,sheepshearing.xyz,available,,,high,high,13,,,,
60177775-80dc-48da-ad9f-7959bedb8f5e,stinker.xyz,resell,,,high,low,7,"GoDaddy.com, LLC",26/08/2026 13:00,26/08/2027 23:59,26/09/2026 09:18
f4f23349-a3b1-459b-8fe9-ef037f675181,pluripotent.xyz,resell,,,medium,low,11,,,,07/10/2026 22:31
7e2961b3-ce95-4e30-943a-90f6f81c67ee,entail.xyz,resell,,,high,low,6,,,,03/10/2026 19:51
fdb75899-7f84-438a-a36f-eac5c7f1a98e,immobiliser.xyz,available,,,high,high,11,,,,
baa4f26f-184f-4d98-b033-16482e4d5caa,lear.xyz,resell,,,high,low,4,,,,30/09/2026 17:07
0930c4ad-cb2c-41b2-adb0-c11f5c88b04b,houndsberry.xyz,available,,,high,high,11,,,,
07fc219a-a1a4-4ebe-949c-0d2114cd5f99,camel.xyz,resell,,,high,low,5,,,,28/09/2026 01:20
d1b80dba-5214-4431-985c-77b476b2f2c9,monologist.xyz,available,,,high,high,10,,,,
a028bf38-49be-4915-85e2-e0f8c8c195b6,mayordomo.xyz,resell,,,high,high,9,Dominet (HK) Limited,01/05/2026 03:32,01/05/2027 23:59,26/09/2026 07:28
1eb2a464-7b7c-46f1-8a89-6223acafab2b,deland.xyz,resell,,,high,low,6,,,,04/10/2026 06:11
29466de6-9385-430c-a2e3-a145e9c3a3f3,ironheads.xyz,available,,,high,high,9,,,,
067b3d37-841c-41a6-a767-b8b586f5ffdb,concretise.xyz,available,,,high,high,10,,,,
45b363a4-b6c0-4e5c-8061-c9b5892f7e35,mandarine.xyz,available,,,high,high,9,,,,
3158e776-222b-43db-9009-b7c49d8dbfc8,gibson.xyz,resell,,,high,low,6,"Spaceship, Inc.",07/04/2022 00:02,07/04/2028 23:59,26/09/2026 06:22
20bdf2ee-9917-4207-8220-a2fe1576c312,liz.xyz,resell,,,high,low,3,"GoDaddy.com, LLC",28/12/2021 21:09,28/12/2026 23:59,26/09/2026 07:16
c2029001-a031-415f-985c-65abeec77a0f,froebel.xyz,resell,,,high,low,7,,,,07/10/2026 06:51
c705f76c-7728-46ab-8f50-79ec1422a38b,teetertotters.xyz,available,,,low,low,14,,,,
5cb5bc2a-5f79-441f-8402-7eb884c01ab3,refereed.xyz,available,,,high,high,8,,,,
9e67da5a-44f0-4f5e-9a9d-0a47151def23,moss.xyz,resell,,,high,medium,4,,,,28/09/2026 14:55
2ede69b7-5bdf-441e-80f9-e81c4f4feeb0,nonjudgmentally.xyz,available,,,high,high,15,,,,
75751dd5-715c-481f-972c-fb639b7325a8,uncertified.xyz,available,5,,medium,low,11,unstoppable,,,06/10/2026 12:35
ad24181e-7572-4a63-854e-8723d69d4ae2,preeminent.xyz,resell,,,high,medium,10,"GoDaddy.com, LLC",03/08/2018 20:16,03/08/2027 23:59,26/09/2026 08:17
185d17be-145b-4043-be76-f8ceaf2b87a3,braithwaite.xyz,resell,,,medium,low,11,,,,02/10/2026 00:44
21d98bfa-b25b-46be-95d9-94d618140042,directoral.xyz,available,,,high,high,10,,,,
a2c2b3b8-9568-4219-b90e-95fff56e55b8,tartness.xyz,available,2.79,17.29,medium,low,8,namesilo,,,17/09/2026 03:12
56f3313c-b285-4003-9996-daa250a6ba57,tegular.xyz,available,2,21.48,medium,low,7,namecheap,,,11/09/2026 10:16
078bdb3f-206f-4b48-a8ea-b593e570b1be,multilane.xyz,available,2,21.48,high,low,9,namecheap,,,03/09/2026 10:44
088b6739-47e0-4f54-b052-52f07bb6feb9,grassless.xyz,available,1.99,20.99,medium,low,9,name.com,,,20/08/2026 18:13
acf47344-f6f5-4823-9fc2-4bee8b4d927c,ova.xyz,resell,,,high,high,3,Dynadot Inc,02/06/2019 16:43,02/06/2027 23:59,26/09/2026 07:58
e4efeeff-7731-4ff2-b568-23ebc1c476ac,rms.xyz,resell,,,high,low,3,,,,28/09/2026 04:52
a0869270-90d3-4e39-95cf-3effb03eea12,midtracheal.xyz,available,,,medium,low,11,,,,
36c3d149-be29-49ae-b195-754914f60f47,audrain.xyz,available,,,high,high,7,,,,
2491ed9a-d4b5-47bc-b455-a3529bb5605f,needlewoman.xyz,available,,,high,high,11,,,,
811e1d11-3b64-4532-a632-de6d65a01171,unpassable.xyz,available,1.99,20.99,medium,low,10,name.com,,,21/08/2026 21:49
06bc31ff-3e9a-45d7-a137-73230585c9dc,octavian.xyz,resell,,,high,low,8,Dynadot Inc,10/12/2023 00:40,10/12/2026 23:59,26/09/2026 07:51
38e10b94-5653-4c9d-bf78-2c3d7cda4d73,demodulator.xyz,available,,,high,high,11,,,,
24a9042b-aad4-45fd-ba06-22d459d44bf6,chevalier.xyz,resell,,,high,low,9,TLD Registrar Solutions Ltd.,07/08/2014 15:25,07/08/2029 23:59,26/09/2026 04:54
d4183e2e-0cc5-4b9a-b7c3-727d7eada22e,continentalism.xyz,available,,,medium,low,14,,,,
e2fd3eae-68df-4dec-93ba-27c83cdff2f1,xlvii.xyz,available,5,20.99,high,low,5,unstoppable,,,04/10/2026 17:27
321b73fb-ef5f-41c8-a89c-73bf1a1943b2,unpolished.xyz,resell,,,high,low,10,Dynadot Inc,02/12/2025 13:34,02/12/2026 23:59,26/09/2026 09:52
c9dd50ac-bfa4-409b-9d85-4b5af38bf085,underlay.xyz,resell,,,high,low,8,,,,08/10/2026 02:36
34b5ddfa-8f29-4930-8507-35bf197d2e62,bhai.xyz,resell,,,high,low,4,,,,05/10/2026 04:39
7a81fedf-2883-4d50-9ac7-79e3d817faaf,actable.xyz,available,2.79,17.29,medium,low,7,namesilo,,,05/10/2026 03:59
0841d476-0d74-4170-b390-a40672ef7a31,decimated.xyz,available,2.06,13.97,medium,low,9,spaceship,,,06/10/2026 14:23
3a4db79b-89e5-485e-8157-42c5d209db70,summitville.xyz,available,,,high,high,11,,,,
c3330bf6-db42-4d8f-858d-d17ea6fcf922,historylike.xyz,available,,,high,high,11,,,,
a91b4ebc-b532-43a6-8676-b2ecab80b14b,russia.xyz,resell,,,high,medium,6,"NameSilo, LLC",02/06/2014 16:13,02/06/2027 23:59,30/09/2026 10:26
70532f74-dda1-4ab0-81ea-d3ff608bcdf4,campestral.xyz,available,1.99,20.99,medium,low,10,name.com,,,11/08/2026 16:05
de45d452-194d-419e-adc0-f8d66fc3d2cd,notation.xyz,resell,,,high,low,8,Squarespace Domains II LLC,23/08/2021 23:50,23/08/2030 23:59,26/09/2026 07:49
b7f8c3f0-9dd6-421e-8edd-af9d5f029eb0,headache.xyz,resell,,,medium,low,8,"Spaceship, Inc.",21/04/2020 02:10,21/04/2028 23:59,05/10/2026 20:25
861c522e-79ef-473e-ada3-9b708f36b597,werewolves.xyz,resell,,,medium,low,10,"GoDaddy.com, LLC",02/06/2014 17:33,02/06/2027 23:59,26/09/2026 10:07
36d0ffab-1405-46a3-80d7-ee83ac802a67,lessens.xyz,available,,,medium,low,7,,,,
c449ac71-981f-4211-8042-fcc951a8876f,unexampled.xyz,available,2,21.48,high,low,10,namecheap,,,12/09/2026 09:24
c0823056-9b7f-43b9-9208-4d283350e071,bunny.xyz,resell,,,high,low,5,"GoDaddy.com, LLC",02/06/2014 16:53,02/06/2027 23:59,29/09/2026 05:25
98e7cf7e-769a-4015-8f51-3b984f7b4296,flake.xyz,resell,,,high,low,5,"Sav.com, LLC",20/12/2021 22:33,20/12/2026 23:59,26/09/2026 06:07
68829847-694c-4d57-9a52-6d8ab08607ca,shoneen.xyz,available,,,high,high,7,,,,
7fd99ad4-350e-480a-bc08-b8a3091cd2dc,crabwise.xyz,available,1.99,20.99,medium,low,8,name.com,,,13/08/2026 04:14
42b7000c-21bc-4ca5-9f1e-3d673291abcc,salafi.xyz,resell,,,high,low,6,,,,06/10/2026 19:36
e3399230-1ea8-4386-9dde-8fc105f17426,convection.xyz,resell,,,high,low,10,,,,03/10/2026 19:31
dbd269a6-ae02-4e6b-8fa4-e8423c6d0a56,birthright.xyz,resell,,,high,low,10,West263 International Limited,15/06/2021 10:49,15/06/2028 23:59,26/09/2026 04:26
2fbcd03f-472e-4cd9-a518-4d5f49104501,fruitarians.xyz,available,,,medium,low,11,,,,
ac31b769-5e2d-42dd-bbdb-77989bc7e7fb,vitaliser.xyz,available,2,21.48,medium,low,9,namecheap,,,19/09/2026 09:12
7ea1f6d6-41fc-4e38-a174-bbd975c375e5,haydock.xyz,available,1.99,14.45,high,low,7,dynadot,,,07/10/2026 18:54
f4dfa64c-70e6-4cbb-a738-5c1f9bc78b37,minibike.xyz,resell,,,high,high,8,Dynadot Inc,13/05/2020 07:43,13/05/2028 23:59,26/09/2026 07:34
e418b44f-4aa8-4114-89d6-e4566256b10f,millimeter.xyz,resell,,,high,low,10,,,,30/09/2026 18:02
bbf632d3-c4a2-4214-a86e-b088d2890971,fated.xyz,available,,,high,low,5,,,,
ee4a9f39-1cbb-483e-8a5e-716d8abd9cd2,pdp.xyz,premium,207.2,207.2,high,low,3,spaceship,,,28/09/2026 21:36
ea8314ed-7164-44a9-8189-77deae9f18b6,jackhammers.xyz,available,,,medium,low,11,,,,
a8b27ec8-e8a8-43b3-b7e3-f3e5d1ac7920,fanning.xyz,resell,,,high,low,7,,,,05/10/2026 15:11
beba496e-44f6-4712-9744-e115255be54f,urbanization.xyz,resell,,,high,low,12,,,,07/10/2026 22:02
a8ee358f-2044-4570-a710-c3a4a6f400b3,commingling.xyz,available,,,high,high,11,,,,
638d50d4-f5df-4c9c-ab32-b1df498bed7d,emeter.xyz,available,,,high,high,7,,,,
11c1a563-136f-479e-a133-8ecb22e1598f,newkirk.xyz,available,2,21.48,high,low,7,namecheap,,,05/10/2026 20:39
a2962eba-8fdb-4d3a-86ad-f83260609beb,mammalian.xyz,available,,,high,low,9,,,,
685230d6-e912-4430-a4ca-6658fbf2d35b,diagnosed.xyz,resell,,,medium,low,9,,,,28/09/2026 23:36
2237b6e6-2323-4180-9ba7-d4d39e49fb17,dita.xyz,resell,,,medium,low,4,"Spaceship, Inc.",24/11/2021 01:49,24/11/2026 23:59,26/09/2026 05:36
fc9663d4-c8bc-465a-87a7-39f40d68bae9,surpass.xyz,resell,,,high,low,7,TLD Registrar Solutions Ltd.,15/08/2014 15:06,15/08/2030 23:59,02/10/2026 05:59
1d5aec7b-6ed7-4242-8268-7a064e938874,divide.xyz,resell,,,high,low,6,"GoDaddy.com, LLC",02/06/2014 17:03,02/06/2027 23:59,27/09/2026 20:14
fc57012a-9d4d-4ccc-bb86-c60935d1cc87,measuring.xyz,resell,,,high,low,9,IONOS SE,28/07/2014 12:56,28/07/2027 23:59,30/09/2026 04:12
a751e557-ff7c-4925-aaac-f9ef80b06e21,wikiness.xyz,available,,,high,high,8,,,,
3e9b64a9-573c-4efb-aab3-7102c23d96cf,bravehood.xyz,available,,,high,low,9,,,,
8e9731c5-7d63-4d67-a2b1-f07e5f14e243,advocating.xyz,resell,,,medium,low,10,"GMO Internet Group, Inc. d/b/a Onamae.com",30/03/2026 06:14,30/03/2027 23:59,02/10/2026 21:40
2496a79e-1cc2-44c7-81f3-3713e7f6049b,parently.xyz,resell,,,high,low,8,,,,06/10/2026 20:11
2b52e3b4-9a2e-417b-9d35-adc13994f8bc,taunting.xyz,available,1.99,20.99,medium,low,8,name.com,,,14/08/2026 02:54
80644506-cdd3-4481-b55d-64a937062c17,mousable.xyz,available,,,high,high,8,,,,
bdb10f3f-48e0-4ef1-bb40-fcf55c2226bb,coldbeer.xyz,resell,,,high,high,8,Dynadot Inc,04/05/2026 14:51,04/05/2027 23:59,26/09/2026 05:06
d8a6a3c0-233a-423a-ab98-33fde7cf25aa,volodymyr.xyz,resell,,,high,low,9,,,,04/10/2026 17:53
82c3cdf3-da66-4f16-9a62-c84b2855aedb,gigaton.xyz,resell,,,high,high,7,"Sav.com, LLC",09/09/2020 18:35,09/09/2027 23:59,26/09/2026 06:22
117e9dcf-a047-4206-97bc-5ecb0e68d3c8,voyages.xyz,resell,,,medium,low,7,,,,02/10/2026 22:34
d9d95943-5f83-4e23-a4fd-c8d7a56a50f1,exiled.xyz,resell,,,medium,low,6,,,,30/09/2026 15:40
0d44a044-2911-477e-977b-763bdee684df,whitkirk.xyz,available,,,high,high,8,,,,
ed8a6a0f-8cae-49bb-a2aa-245663172028,doll.xyz,resell,,,high,low,4,"GoDaddy.com, LLC",02/06/2014 17:03,02/06/2027 23:59,26/09/2026 05:38
993f7723-77af-4a62-be7f-bb597936a4ce,sidesplitting.xyz,available,,,high,high,13,,,,
15004523-feee-4837-93e9-d655f30ab378,plague.xyz,resell,,,medium,low,6,"Sav.com, LLC",28/04/2024 06:23,28/04/2027 23:59,29/09/2026 02:58
8599d5fe-e9ee-42e9-b749-003696f6e1d6,acorea.xyz,available,2.79,17.29,medium,low,6,namesilo,,,17/09/2026 02:12
e00e8ade-6a51-407c-a5ce-453485a065cf,urlanguage.xyz,available,,,high,medium,11,,,,
1c943e5d-0612-442a-93f6-d95d576fdf3f,riveted.xyz,resell,,,medium,low,7,,,,06/10/2026 13:39
fa900955-03f1-4e83-b9d4-85106e68481d,gentlemanly.xyz,available,1.99,14.45,high,low,11,dynadot,,,07/10/2026 09:53
fce43e17-8dd8-4433-a5ae-dcc10a2da6e3,sparmaking.xyz,available,,,medium,low,10,,,,
a51cba5f-9f0f-4011-9687-4b47c4baf024,shostakovich.xyz,available,2.04,14.21,high,low,12,porkbun,,,02/10/2026 10:47
7dd9f8be-47ec-4983-a1de-ab724e6e2219,glassiness.xyz,available,,,medium,low,10,,,,
125912f5-f60d-4bee-9d4a-6a0bbd40fec0,tld.xyz,resell,,,high,medium,3,,,,07/10/2026 09:15
8ae2d868-41b9-4699-8013-b2fc256f8a77,fortake.xyz,available,,,high,high,7,,,,
dd60f81f-d311-4ee5-bdd1-8581e9fe8b52,genitalia.xyz,resell,,,high,low,9,,,,02/10/2026 05:01
5ea209a6-8754-42d9-912b-2e03af49fade,gallego.xyz,resell,,,medium,low,7,,,,05/10/2026 19:39
d66fa5f8-2436-426c-83c5-dfbd0ae47309,brogue.xyz,resell,,,high,medium,6,Automattic Inc.,03/06/2022 16:09,03/06/2027 23:59,26/09/2026 04:37
93021c17-04e0-4c9d-8848-ac163b80a804,limerick.xyz,resell,,,high,low,8,,,,03/10/2026 01:29
38f345fa-f901-4017-b664-7a9ce201692e,tramcar.xyz,available,,,high,high,7,,,,
d241be21-991d-491a-806f-cbcb050d8eb5,cackle.xyz,resell,,,high,high,6,BF Internet Limited,17/07/2022 03:09,17/07/2027 23:59,26/09/2026 04:42
63475128-a5d5-442f-923a-2c70a8768a9b,steelworker.xyz,available,,,high,high,11,,,,
22b7afe1-5852-4755-8057-9a6b9c2e1d42,parnell.xyz,resell,,,medium,low,7,,,,28/09/2026 18:40
a5f837dc-371a-44e9-afa0-4e76a3219ce6,daniels.xyz,resell,,,high,low,7,"Spaceship, Inc.",03/05/2016 17:52,03/05/2027 23:59,26/09/2026 05:25
7e6a1440-bac7-493e-8b79-95df42747648,prezzie.xyz,resell,,,high,high,7,"Chengdu West Dimension Digital Technology Co., Ltd.",03/06/2026 11:26,03/06/2027 23:59,26/09/2026 08:19
b99d9390-5856-43fb-a660-366df84669d5,doi.xyz,premium,200.5,,high,low,3,unstoppable,,,28/09/2026 01:47
72ce421f-1221-489c-82f6-c4bf0a3d3485,prosecute.xyz,resell,,,high,low,9,,,,29/09/2026 20:42
1e88d216-1fee-436b-a12f-d0d563f0b94a,washbowls.xyz,available,,,medium,low,9,,,,
7f96c869-2797-4f6f-9fd6-0011bd540706,launders.xyz,available,,,medium,low,8,,,,
19dca599-b545-4e37-8a18-4c64a183ba2b,westmeath.xyz,available,12.3,11.2,high,low,9,cloudflare,,,05/10/2026 06:02
602a3f22-7dc7-49bc-9f46-0e4228e63db6,queenish.xyz,available,,,high,high,8,,,,
e98193f4-187c-4e29-8384-55a98d7c961a,burdett.xyz,available,2.79,17.29,medium,low,7,namesilo,,,02/10/2026 08:39
e79e816a-d2da-49ba-b8b4-d114885d4c5d,handclapper.xyz,available,,,high,high,11,,,,
99550891-60c1-4859-8696-9fe69c67ff6c,photocopies.xyz,available,,,medium,low,11,,,,
c6e8664a-1357-4527-a065-98560a74455e,ambassadorial.xyz,available,,,high,high,13,,,,
7bfb121b-2ecd-4a64-aadf-bf31bfc822de,fladbury.xyz,available,,,high,high,8,,,,
0778b3e5-77ef-4ae4-ac25-1668908478d1,stigler.xyz,available,2.79,17.29,medium,low,7,namesilo,,,08/10/2026 22:18
6fdb1407-239d-454d-9360-b8232ba17783,bonn.xyz,resell,,,high,low,4,"GoDaddy.com, LLC",24/12/2020 07:04,24/12/2026 23:59,26/09/2026 04:32
650fd567-34f4-4d92-bcc4-fa8ca4d98ba7,lighthouses.xyz,resell,,,medium,low,11,,,,08/10/2026 00:36
9af1f21c-c1a7-4dd6-8150-e41199aab5e2,jinkers.xyz,available,,,medium,low,7,,,,
531d93b4-bcb8-47da-b053-ba59829e0115,overworked.xyz,resell,,,medium,low,10,,,,03/10/2026 22:50
73be47ff-0bd9-4ac9-a799-6bb500e6e8e5,bikelock.xyz,resell,,,medium,low,9,,,,05/10/2026 20:57
dd6b3cc2-7d3c-4b8f-a0b2-6276927f76c1,harrelson.xyz,available,2.79,17.29,medium,low,9,namesilo,,,06/10/2026 07:51
1901da70-e88c-4237-aefc-4dcc3d265b8e,autoresponder.xyz,available,,,high,high,13,,,,
84841aa4-16b2-4b93-8cb7-53736d2b9a15,swanlike.xyz,available,,,high,high,9,,,,
edca19c3-f255-4c18-847e-76d63859d7b7,kherson.xyz,resell,,,medium,low,7,,,,04/10/2026 02:39
dc677766-9ab2-49b9-b434-f7b8a9b572d1,invitations.xyz,resell,,,medium,low,11,"GoDaddy.com, LLC",02/06/2014 17:21,02/06/2027 23:59,29/09/2026 11:30
e893be95-88dc-4d1c-8756-0a434a01963a,woolly.xyz,resell,,,high,low,6,Dynadot Inc,12/06/2020 02:08,12/06/2028 23:59,26/09/2026 10:13
14f37bf4-6a84-47e0-bc4c-a97e048a535d,haggai.xyz,resell,,,medium,low,6,Dynadot Inc,04/05/2026 14:22,04/05/2027 23:59,26/09/2026 06:32
2604e0c9-3d4e-4d5f-ae69-0e3b792b4610,wisent.xyz,resell,,,medium,low,6,Alibaba Cloud Computing Ltd. d/b/a HiChina (www.net.cn),02/09/2026 04:13,02/09/2027 23:59,26/09/2026 10:11
f29dabf8-86dd-42c8-b45a-b9c992824af8,awe.xyz,resell,,,high,low,3,"GoDaddy.com, LLC",05/06/2014 17:11,05/06/2027 23:59,28/09/2026 23:47
9bad571a-61de-4d18-8154-b840434a4e36,tossing.xyz,resell,,,high,low,7,,,,30/09/2026 03:58
20e5a435-bfa7-42f1-b4cf-a59cd0a781f1,gedankenexperiment.xyz,available,,,high,high,19,,,,
8234b404-d45c-43c2-a320-7c8e1b4bd325,noodleman.xyz,available,,,high,low,9,,,,
e1be7752-47a1-47d1-bc44-ae73d1438137,starnes.xyz,resell,,,high,low,7,,,,08/10/2026 21:58
5fa5f82f-b6d3-41f7-a775-51686501ee12,jumped.xyz,resell,,,medium,low,6,Dynadot Inc,07/06/2026 22:05,07/06/2027 23:59,26/09/2026 07:02
fbff9b01-4e81-4dcd-ad1d-0d1a91003753,sheva.xyz,resell,,,high,low,5,,,,05/10/2026 17:39
deb93a3e-a301-44ea-8b75-0ae46011747c,instagrammable.xyz,available,1.99,,high,low,14,name.com,,,
f8b164de-313f-4f58-9628-2551a51599d0,seale.xyz,resell,,,high,low,5,,,,02/10/2026 18:59
27e5532c-32e3-44f2-99d7-fa15a5f869fb,abigayle.xyz,available,,,high,high,8,,,,
95d6b940-1249-4008-bf35-dfc5ce071ae4,protectorate.xyz,resell,,,high,low,12,,,,06/10/2026 18:37
8a25bd84-9535-4652-a62f-99d2164de244,springboks.xyz,available,,,high,high,10,,,,
36fd63b7-2ade-48b8-81fa-c580cd9393a5,accentuated.xyz,available,,,high,high,11,,,,
d21c96e2-b12d-4dcb-82d9-391a93fc7ff0,kpmg.xyz,resell,,,high,high,4,,,,02/10/2026 21:02
d512b8f6-c680-42d6-aa0c-6eca2d675494,supposal.xyz,available,,,high,high,8,,,,
8d72075a-9d58-4773-a8ab-3c44c4bcdef8,gombrowicz.xyz,available,,,high,medium,10,,,,
a5600d67-d945-4ab0-ad1f-2ff4613693f5,cry.xyz,resell,,,high,low,3,Porkbun LLC,15/09/2021 12:02,15/09/2027 23:59,29/09/2026 12:15
b297b6d9-654b-493e-981b-d76b9dd62f6e,whisky.xyz,resell,,,high,low,6,,,,29/09/2026 08:20
e745d411-f266-4696-98a5-62648e921314,constringe.xyz,available,,,high,high,10,,,,
d89b5d5d-bdd9-4fb2-8e37-9ddeca26afe3,overlaid.xyz,available,,,high,medium,8,,,,
fa1220b1-c8ae-415b-b21f-6f43c672930d,alfresco.xyz,resell,,,high,low,8,West263 International Limited,27/06/2018 17:42,27/06/2027 23:59,05/10/2026 13:24
d1ebcf07-2cf8-4f15-8ed8-2e32c5c05141,grandvaux.xyz,available,,,high,high,9,,,,
a474dbd3-27b3-47c6-984a-0db3f7561f2c,psychogenic.xyz,available,,,high,low,11,,,,
fc1c3b7b-28b2-4cab-98e5-a74916d8ffb7,cassidy.xyz,resell,,,high,low,7,Dynadot Inc,03/09/2015 16:42,03/09/2027 23:59,26/09/2026 04:48
b6719afc-f3cc-47ef-b492-947c607b1c50,alate.xyz,available,,,high,low,5,,,,08/10/2026 09:32
e79be9d5-1a72-4c4d-a01d-bb47e8f2b971,spell.xyz,resell,,,high,low,5,Squarespace Domains II LLC,19/08/2020 23:19,19/08/2030 23:59,26/09/2026 09:12
d275d966-8060-48b1-b9c1-99d9bb649e03,pastrymaking.xyz,available,,,high,low,12,,,,
06074e11-99e3-4a69-a763-c27a6ccffdda,poolwater.xyz,available,,,high,high,9,,,,
161c66fb-5ebb-4406-9ec8-ef06f11fc9ce,bourgeoisie.xyz,resell,,,high,low,11,"GMO Internet Group, Inc. d/b/a Onamae.com",15/07/2026 11:40,15/07/2027 23:59,09/10/2026 00:31
9aeacd4f-aba9-419e-8af3-94a3b54e45a2,linn.xyz,resell,,,high,low,4,,,,06/10/2026 18:25
8a55e65a-08a2-411f-b2eb-85d31ce7acb8,solomons.xyz,resell,,,high,low,8,,,,30/09/2026 18:46
dd0dfac4-d381-43c5-bc5e-40585e7144fb,maverickish.xyz,available,2.06,13.97,high,high,11,spaceship,,,08/10/2026 02:16
061d992d-9b22-4dd2-b101-5fe413676ccc,annihilated.xyz,available,2.79,17.29,medium,low,11,namesilo,,,04/10/2026 15:06
fd941ab1-8c1b-46be-b411-6c167b750131,babel.xyz,resell,,,high,low,5,"NameCheap, Inc.",08/06/2014 08:19,08/06/2027 23:59,26/09/2026 04:11
e516553d-9cff-4f0f-84d7-abf58bfe4314,spelling.xyz,resell,,,high,low,8,,,,28/09/2026 03:07
656f79b0-0007-4b0e-890d-d41a5bfcd496,tusked.xyz,available,1.99,20.99,medium,low,6,name.com,,,11/09/2026 21:29
47315d32-349e-4a0a-92e9-d16a2f491edc,galvanized.xyz,resell,,,medium,low,10,,,,06/10/2026 11:13
2c0838cd-09dc-4985-afa0-cc6110a4ca93,godless.xyz,resell,,,high,low,7,West263 International Limited,25/02/2021 22:27,25/02/2028 23:59,26/09/2026 06:25
0102ee40-5127-4d63-be6f-a9add6462524,potatoes.xyz,resell,,,medium,low,8,,,,27/09/2026 02:12
b63228f2-0cf6-43c5-aa31-ff835270ad78,alastair.xyz,resell,,,high,low,8,,,,01/10/2026 08:31
64b30d37-e537-45b8-bcf5-4e40f0a91a52,subsidize.xyz,resell,,,high,low,9,,,,05/10/2026 14:49
e1d6a3c0-bbc9-4c69-b182-520418dccce4,korzybski.xyz,available,2.79,17.29,high,low,9,namesilo,,,18/09/2026 06:31
de43a1d6-c225-41ce-b597-26f783147183,walkman.xyz,resell,,,high,low,7,Automattic Inc.,31/05/2022 17:13,31/05/2031 23:59,06/10/2026 03:06
9bbadf24-09ac-41ef-aed8-1f481395be2e,napoleonic.xyz,available,2,21.48,high,low,10,namecheap,,,03/09/2026 13:00
688835c5-61f9-4021-a1b0-9b5b509ffbb1,exon.xyz,resell,,,high,low,4,,,,30/09/2026 01:04
c04776df-d1c9-4f78-8c92-2d5e26f4840a,carothers.xyz,available,12.3,11.2,high,low,9,cloudflare,,,08/10/2026 02:36
77c23518-bb38-4b9f-870b-f48c22207dc4,invigoration.xyz,available,,,high,low,12,,,,
feef7174-cacb-4165-b177-d76741781741,blacksmith.xyz,resell,,,high,low,10,Dynadot Inc,15/11/2016 02:00,15/11/2028 23:59,26/09/2026 04:28
b9fb8189-1090-4c00-9e14-09a62f513d44,antidefense.xyz,available,,,high,low,11,,,,
e58010bc-c295-4c59-be23-2833ce189791,anionic.xyz,available,5,20.99,high,low,7,unstoppable,,,05/10/2026 21:18
5559b71a-e2f7-45a3-baa8-fa98b3742c66,orcein.xyz,available,,,high,low,6,,,,
c94ad0e4-7b84-471d-80e4-b7a417b0aded,shampooing.xyz,available,,,high,high,10,,,,
52409afc-b4b8-47fd-a80b-720a89a11adf,jati.xyz,available,,,high,high,4,,,,
7cf5703f-d375-4e0b-9520-6ee0406ab5ca,worktables.xyz,available,,,medium,low,10,,,,
f0a476d4-a3a9-44fc-913c-9d4e506a5a39,ureter.xyz,available,,,high,high,6,,,,
72cfe7b6-fdfc-4429-9c6b-bcbb0c7c23a2,balthazar.xyz,resell,,,high,low,9,"GoDaddy.com, LLC",02/12/2018 16:41,02/12/2026 23:59,26/09/2026 04:14
200149f0-6200-4d96-87ca-1ae5f1dace0a,smallmouth.xyz,available,,,high,high,10,,,,
08f3256d-93e8-4b98-9cd6-6621a61a89c5,emeia.xyz,available,,,high,high,5,,,,
3b8775b7-5a5c-4004-9360-2a430aa0fb52,compartmentalise.xyz,available,,,high,high,16,,,,
8ccd4dde-53fb-4656-98a3-cb170bb45211,pei.xyz,resell,,,medium,low,3,,,,28/09/2026 14:30
b039f25e-cd2f-44dd-961c-1fc470030b29,unproblematic.xyz,available,,,high,high,13,,,,
7e7de579-512c-4c5a-99f0-93618fa73150,oxhorn.xyz,available,,,high,high,6,,,,
497e3435-cf45-4f9b-ad0e-2d54f1ab0743,bmr.xyz,resell,,,high,low,3,Squarespace Domains II LLC,11/11/2020 22:44,11/11/2032 23:59,26/09/2026 04:31
b95810ab-a1a9-41a4-9fe4-31352ebca70c,rosemary.xyz,resell,,,high,low,8,"Chengdu West Dimension Digital Technology Co., Ltd.",28/09/2014 09:42,28/09/2027 23:59,28/09/2026 10:51
897b4ecd-278a-4b50-9fb7-3515cd94c284,resinous.xyz,available,2,21.48,high,low,8,namecheap,,,09/09/2026 15:13
2d92e1ab-dd8b-436b-b2c0-674a891d6042,optimisation.xyz,resell,,,high,low,12,,,,05/10/2026 03:17
44c8af92-3180-45fd-8fe9-44a2f70eeb00,mountainscape.xyz,available,,,high,high,13,,,,
6d0696b0-18aa-4487-aa0d-2f8ad5086c1d,widsith.xyz,available,,,high,high,7,,,,
e0fdeb12-6d14-4098-aa3f-7795a230158d,convolve.xyz,resell,,,high,low,8,Dynadot Inc,23/06/2024 20:15,23/06/2030 23:59,26/09/2026 05:14
3ef4b0d8-4201-41fb-ac59-44fdcadecbd0,pliers.xyz,resell,,,high,low,6,,,,03/10/2026 11:48
35a8db86-d9d0-42e4-ac22-07db63d4cc1c,stadia.xyz,resell,,,high,low,6,"Spaceship, Inc.",29/03/2022 01:57,29/03/2027 23:59,26/09/2026 09:15
52e0d8d5-17eb-4325-8ffc-f8dbbd3037a7,weiner.xyz,resell,,,high,low,6,,,,06/10/2026 22:51
babc2ff7-4b64-4c33-a3c6-c1f3776354eb,bernd.xyz,resell,,,high,low,5,,,,01/10/2026 23:12
dfef3045-6093-4a4b-a879-c9157741d45c,punchlines.xyz,available,,,medium,low,11,,,,
71bc6ee6-579f-44b1-b034-5f9c331972c7,spherocylindrical.xyz,available,,,high,high,17,,,,
e40282e4-80ce-45c7-a545-28e8421b8022,yue.xyz,resell,,,high,low,3,,,,29/09/2026 18:11
41c6d7f9-3804-41ff-8b38-3f74f9d0127f,automatic.xyz,resell,,,high,low,9,"GoDaddy.com, LLC",02/06/2014 16:47,02/06/2027 23:59,26/09/2026 04:09
00897f4f-446d-4f9a-821b-c7e1ecd54aa5,cisgender.xyz,available,,,high,high,9,,,,
46742a15-d7b3-4a50-b2dd-8a58f0853595,chalked.xyz,available,,,high,low,7,,,,
c34d43ee-b17b-47f0-a09e-a15893e235b8,gamepads.xyz,available,,,high,low,8,,,,
c195cfc4-1ec9-4aa1-acdf-eee00c9e9266,chinamen.xyz,available,,,medium,low,8,,,,
b58d1af9-1e53-48d0-9445-07ce0c695392,snowshoed.xyz,available,,,medium,low,9,,,,
3b22f34e-6fdb-44c3-b1b9-c166cd82585c,romish.xyz,available,2,21.48,medium,low,6,namecheap,,,05/09/2026 01:30
24620233-0081-4ac2-9130-32b53a8d64ef,quadruple.xyz,resell,,,high,low,9,"GoDaddy.com, LLC",18/04/2025 03:55,18/04/2027 23:59,26/09/2026 08:26
f2aa0a88-5f3b-4257-adf4-a72e21619718,moistness.xyz,available,1.99,20.99,high,low,9,name.com,,,13/08/2026 16:47
d3343945-6034-42da-9464-b85ef50d0ba9,deutzia.xyz,available,,,high,high,7,,,,
15204c6b-50ad-4a7f-b250-d2d1ca7cd3b1,opec.xyz,available,,,high,high,4,,,,
1c7417de-f226-4ac3-aae6-7a42353b87d0,passersby.xyz,resell,,,medium,low,10,"GMO Internet Group, Inc. d/b/a Onamae.com",01/06/2026 18:53,01/06/2027 23:59,26/09/2026 08:03
3ee3bd8f-68af-4466-b3e3-eb289e03fe0f,startup.xyz,resell,,,high,medium,7,GoDaddy Online Services Cayman Islands Ltd.,02/06/2014 16:10,02/06/2027 23:59,08/10/2026 04:51
43bfb830-8916-4620-9beb-7f72e9bb1197,wrennian.xyz,available,,,high,high,8,,,,
61e49d8a-93c7-4dd7-a50f-66b90e6c3877,heaves.xyz,available,,,high,high,6,,,,
4d95e28b-4fa9-458b-b394-a018d866eee9,yasmina.xyz,available,,,high,high,7,,,,
7d32df7e-c311-48d3-91d0-88772aff8dcd,scapa.xyz,resell,,,high,low,5,,,,05/10/2026 04:59
52e3cb46-8807-46f3-9a8e-66e69b4ae0e2,avestan.xyz,available,5,20.99,high,low,7,unstoppable,,,06/10/2026 17:32
8222aaa7-595e-4d3e-9f2d-60e11e47a341,formal.xyz,resell,,,high,low,6,"Spaceship, Inc.",10/11/2018 03:08,10/11/2027 23:59,26/09/2026 06:12
baeeaeb5-389b-4319-aa8f-b9117d1f10ea,malian.xyz,resell,,,high,low,6,"Chengdu West Dimension Digital Technology Co., Ltd.",03/06/2026 11:22,03/06/2027 23:59,26/09/2026 07:24
8c8d4617-84dc-4d8b-82cd-823515cb524f,squashy.xyz,available,5,20.99,medium,low,7,unstoppable,,,08/10/2026 06:21
f9131b78-b998-4a04-9208-7deffc564b72,experience.xyz,resell,,,high,medium,10,"GoDaddy.com, LLC",02/06/2014 17:06,02/06/2031 23:59,29/09/2026 18:39
a398a79d-1555-4a89-9e12-87237f6f2b3f,luciano.xyz,resell,,,medium,low,7,,,,29/09/2026 05:56
f6703295-b755-4766-8994-07f3bdd151ff,barbra.xyz,resell,,,high,low,6,,,,02/10/2026 09:24
acf06e58-c49d-48b1-a0a5-6da9bbee356c,eformat.xyz,available,,,high,low,8,,,,
eee53804-dd78-44bf-b820-8d64c2c993e1,jeanie.xyz,resell,,,high,low,6,,,,03/10/2026 14:41
fc8e296c-bab2-46c4-8f55-799ee12c7771,joust.xyz,resell,,,high,low,5,,,,07/10/2026 07:23
225e4aa9-7872-467e-94d3-a71c20b14083,zoomed.xyz,resell,,,medium,low,6,Alibaba Cloud Computing Ltd. d/b/a HiChina (www.net.cn),02/09/2026 04:16,02/09/2027 23:59,26/09/2026 10:17
af25f6e9-c0a0-4df2-84d2-f7542fc3c61c,crucified.xyz,available,2.04,14.21,medium,low,9,porkbun,,,30/09/2026 06:13
7b7d0ae1-3604-4c01-97a6-e78a5d07897d,aalst.xyz,resell,,,medium,low,5,"GMO Internet Group, Inc. d/b/a Onamae.com",12/06/2026 08:11,12/06/2027 23:59,26/09/2026 01:18
fad186a5-4654-423c-8c8a-cdac22fdcf43,surfriding.xyz,available,,,high,high,10,,,,
404e41f0-6065-4ba3-a117-ad790af2334d,grassmoor.xyz,available,,,high,high,9,,,,
2f8c56d3-4e59-4ec4-b58e-99763148fa55,normalizing.xyz,available,,,medium,low,11,,,,
8c49f3e5-0fd2-4d53-b8f9-ca868b8b8d0a,wintergreens.xyz,available,,,medium,low,12,,,,
be107413-4dd9-4e98-a754-3c2a92acfcf6,generationism.xyz,available,,,medium,low,13,,,,
a8dfbebb-e79a-4f92-90c8-0a0164ece265,withstand.xyz,resell,,,high,low,9,,,,29/09/2026 14:12
5edba48d-3546-4a3c-bfba-250629580220,stellarton.xyz,available,,,high,high,10,,,,
bcc46d45-8883-4ce1-bd8f-4b010d19611e,flossiness.xyz,available,,,medium,low,10,,,,
f2a6369e-e818-4b7e-b106-c7baaa26c15c,animacy.xyz,available,,,high,low,7,,,,
f657ce8f-2ee4-4ef1-b3d0-29a20c60479b,acidotoxicity.xyz,available,,,high,high,13,,,,
2bd9e4b3-5541-4323-adcf-2022b1d1071c,lehi.xyz,resell,,,medium,low,4,,,,04/10/2026 04:09
40ab1bb3-d540-49f1-ba37-6c2404bada71,past.xyz,resell,,,high,low,4,"GoDaddy.com, LLC",02/06/2014 17:36,02/06/2027 23:59,27/09/2026 02:57
bdd34e73-c0b3-40e0-a672-4abeff33f89f,champagne.xyz,resell,,,high,low,9,Dynadot Inc,17/08/2016 11:39,17/08/2029 23:59,26/09/2026 04:51
b3a6bc00-d18b-404e-b978-3bc915435173,ems.xyz,resell,,,high,low,3,,,,02/10/2026 09:44
acb50ae9-38b2-4890-b536-c24ac8d9f043,trunkmaking.xyz,available,,,medium,low,11,,,,
5e0acbeb-f8d0-4078-b4e8-8a7039ccf4bd,immensurable.xyz,available,,,high,high,12,,,,
3a37a1da-70bf-4979-9d18-b3e34dadf132,coz.xyz,available,,,high,high,3,,,,
be641f22-374e-44d1-bfa5-beb5752ad7fc,stubbornly.xyz,available,2,21.48,medium,low,10,namecheap,,,14/09/2026 10:12
04a19398-e006-462f-951c-3be0b5527da1,resist.xyz,resell,,,high,low,6,Dynadot Inc,04/05/2017 18:46,04/05/2028 23:59,26/09/2026 08:37
a1a8549c-6a75-409a-8dd8-ed2eab2a5fc5,needlewood.xyz,available,,,high,high,10,,,,
1b457f94-bcd0-4f4d-a18e-0305bc292b1b,invitement.xyz,available,,,high,low,10,,,,
08a1300a-74d6-481d-bcd6-03951c65638d,daughter.xyz,resell,,,high,low,8,"GoDaddy.com, LLC",02/06/2014 17:01,02/06/2027 23:59,29/09/2026 13:15
d67a8698-d7be-4e97-a658-cd35a1a1d2f6,vaunt.xyz,resell,,,medium,low,5,Unstoppable Domains Inc.,05/03/2024 04:09,05/03/2027 23:59,08/10/2026 20:02
e1947c62-b303-40b5-bedd-74676f0e770f,whixley.xyz,available,,,high,high,7,,,,
89b09d00-899b-4440-9bc8-58979bec0372,exploders.xyz,available,,,medium,low,9,,,,
4206380b-c88e-4d5e-a4d7-5c26bbc00725,stalks.xyz,resell,,,low,low,6,,,,01/10/2026 15:27
84021311-ae30-4e71-915d-74b4000bddb4,playaround.xyz,resell,,,high,low,11,"GoDaddy.com, LLC",05/03/2023 02:35,05/03/2027 23:59,26/09/2026 08:12
740c6e4b-6a0e-4fad-babc-f81b257192a3,dilantin.xyz,available,,,high,high,8,,,,
d82a9f78-daae-4646-9f19-81a171740147,superstitious.xyz,resell,,,medium,low,13,Dynadot Inc,20/05/2021 16:05,20/05/2027 23:59,29/09/2026 14:38
0d268682-7d23-4942-ab14-f6529d97b70a,proportionally.xyz,available,,,high,high,14,,,,
3586e286-1f5d-4b02-ba42-d178975c9776,saltando.xyz,available,,,medium,low,8,,,,
0a63f253-7dd2-4d28-94d4-a0043825ab92,embracing.xyz,resell,1723.85,20.99,high,low,9,"GoDaddy.com, LLC",13/07/2024 12:38,13/07/2027 23:59,29/09/2026 18:00
0113061e-672d-40df-9ede-f9c6efa4c0f4,peeved.xyz,available,2.79,17.29,medium,low,6,namesilo,,,05/10/2026 21:38
901a5ab4-0905-4f50-b20b-38a4150c0e20,benson.xyz,resell,,,high,low,6,"GoDaddy.com, LLC",04/12/2024 23:12,04/12/2026 23:59,26/09/2026 04:22
fa6cee99-ce29-44c9-94fd-d77dd185ddd0,opined.xyz,available,2.79,17.29,low,low,6,namesilo,,,28/09/2026 09:10
0ca85884-3eb5-4dfb-ab20-37020cf82a77,celebrity.xyz,resell,,,high,low,9,"Go Australia Domains, LLC",02/06/2014 16:01,02/06/2027 23:59,26/09/2026 04:49
0f0b1e1b-2bc5-48f2-9ae3-687be7d73cc7,gravlax.xyz,available,,,high,low,7,,,,
1f68a2c9-ac33-4a95-a833-f964e585852b,anchorman.xyz,available,,,high,low,9,,,,08/10/2026 09:50
f27eda72-f37e-4afe-85d6-538cd83f9181,euroskeptical.xyz,available,,,high,high,14,,,,
99624142-bcb0-40b4-b7a9-42352b261ace,ordinary.xyz,resell,,,high,low,8,TLD Registrar Solutions Ltd.,26/08/2014 14:22,26/08/2030 23:59,26/09/2026 07:56
0a7e1947-abd9-4195-9122-c027274c3605,darkhan.xyz,available,,,high,high,7,,,,
818563dd-c4ee-4a74-9165-ceb7c3a223db,ilford.xyz,resell,,,medium,low,6,,,,05/10/2026 06:37
e3f6b6dc-df8c-4fef-a9b3-1215878817e8,autoactivity.xyz,available,,,high,high,12,,,,
4d0bde5d-a3db-47a2-ae56-612c89b62432,accrued.xyz,available,12.3,11.2,high,low,7,cloudflare,,,05/10/2026 02:01
fa9281fb-e661-415a-9e56-f82dcb26dfb2,chu.xyz,resell,,,high,low,3,"Chengdu West Dimension Digital Technology Co., Ltd.",01/10/2015 03:11,01/10/2027 23:59,26/09/2026 04:56
1418fdad-e8f0-45ef-a584-26d0f24372b6,rfe.xyz,resell,,,high,low,3,,,,07/10/2026 14:07
3d224f7e-152a-4607-b2dd-cecbfabd57c2,oceanus.xyz,resell,,,high,low,7,,,,06/10/2026 16:32
0f030899-44b0-4ebe-8691-256f4c9d1175,dispersal.xyz,resell,,,high,low,9,"GoDaddy.com, LLC",24/02/2023 12:56,24/02/2027 23:59,26/09/2026 05:36
71c27ff0-2dc4-49a0-847c-b7c798cfe815,hardee.xyz,resell,,,medium,low,6,,,,03/10/2026 15:34
04ceaf79-3a11-422b-b8be-1d1023a2e90e,corroborated.xyz,available,2.06,13.97,medium,low,12,spaceship,,,05/10/2026 09:13
f4b75396-4267-4d3c-a274-8b59a24a53a7,valuable.xyz,resell,,,high,low,8,West263 International Limited,13/03/2020 19:52,13/03/2027 23:59,28/09/2026 10:06
84ffec9e-540c-4cbc-8dae-016e1aeadf0b,brady.xyz,resell,,,high,low,5,"GoDaddy.com, LLC",17/01/2025 20:19,17/01/2027 23:59,26/09/2026 04:35
12c99b90-4831-4ebf-8c52-24d69b194dcd,warranter.xyz,available,,,high,high,9,,,,
2e4476d1-eb0a-4bc3-9132-2e4e2f2e4cd8,hcn.xyz,resell,,,medium,low,3,,,,08/10/2026 17:04
f3eb7f1b-eeaf-4114-8bc8-4aa8cf1aa4c6,carbonated.xyz,resell,,,high,low,10,Dynadot Inc,04/05/2026 09:07,04/05/2027 23:59,26/09/2026 04:46
b1224731-a231-45f0-b5d0-1892f47a7f60,multisensory.xyz,resell,,,high,low,12,,,,08/10/2026 15:26
76928ea8-2274-4403-ac14-78d6eb511ec5,montez.xyz,resell,,,medium,low,6,,,,07/10/2026 07:32
19d52fd3-a834-4ca6-b47b-2c6b386d5200,revelling.xyz,available,,,high,high,9,,,,
2ceb49cb-05b6-4bc6-824b-62487a91e96c,irresistably.xyz,available,,,high,high,12,,,,
fba99105-58ef-4533-85cc-78c98336cf05,unitarian.xyz,available,2,21.48,high,low,9,namecheap,,,12/09/2026 13:56
5581673a-2334-4845-8fb4-f5e5cb90c245,cannula.xyz,available,2.79,17.29,high,medium,7,namesilo,,,26/09/2026 04:45
963642c4-2edd-4c27-b534-a0d9a7759ba6,earhart.xyz,resell,,,high,low,7,"GMO Internet Group, Inc. d/b/a Onamae.com",15/07/2026 13:03,15/07/2027 23:59,26/09/2026 05:44
ccf742b0-48b8-4ca6-800a-f4a451a078da,nutritionists.xyz,available,,,medium,low,13,,,,
4ae35a0c-ead5-488f-9a9a-139cab1faec3,cliquish.xyz,available,1.99,20.99,medium,low,8,name.com,,,12/08/2026 11:17
b6e13cdd-2baa-43af-a202-b8e31c1b228f,piety.xyz,resell,,,high,low,5,Unstoppable Domains Inc.,18/12/2021 01:07,18/12/2026 23:59,03/10/2026 21:12
523f7b3e-61a9-4ce7-84ae-4cfbbf7dbd62,reemerging.xyz,available,,,medium,low,10,,,,
f6520518-07c2-42a3-96db-4f8ae7a634f9,helper.xyz,resell,,,high,low,6,West263 International Limited,07/11/2017 00:18,07/11/2029 23:59,26/09/2026 06:38
18a05a1e-4ad5-4b85-96a1-ecb4bd4443dd,viatical.xyz,available,2,21.48,medium,low,8,namecheap,,,13/09/2026 05:03
e45269eb-c707-4427-920d-a44c81b1c686,hurl.xyz,resell,,,high,low,4,,,,03/10/2026 20:28
688de7e7-3527-4c69-bafa-eaf6ac12ad61,chimped.xyz,available,,,medium,low,7,,,,
2f3bef7a-6347-40b9-b39f-16f5ee4fb193,xerography.xyz,available,,,high,high,10,,,,
5df90402-f658-4215-8012-db8069e34f69,shoveling.xyz,available,,,high,high,9,,,,
b231d2ec-74f0-4033-91ba-41deb16d4e43,pittsford.xyz,available,5,,high,low,9,unstoppable,,,07/10/2026 19:09
2e15884d-3b5b-4013-af47-04ff760b5d3d,powerbrokers.xyz,available,,,medium,low,13,,,,
8769ef29-e495-4cc0-a9aa-8354c188ea60,farmgirls.xyz,available,,,medium,low,9,,,,
c4e1769d-8e2e-4da3-8c67-a2beef211cc5,enforced.xyz,available,,,high,low,8,,,,
899d6be0-0dfd-4b74-b173-092a447f6b5c,titivate.xyz,available,2,21.48,high,low,8,namecheap,,,10/09/2026 16:59
15890581-1309-439c-a7ef-09e00d02c70a,kibbeh.xyz,available,,,high,high,6,,,,
ea2e6964-3e64-4ab6-9da3-8eee0d72d340,ladoga.xyz,resell,,,medium,low,6,Dynadot Inc,04/05/2026 14:16,04/05/2027 23:59,06/10/2026 01:50
d5b07248-9673-4fa0-a08d-8a440089de4e,fordham.xyz,resell,,,high,low,7,,,,27/09/2026 07:54
f15f1e6d-85a0-46c4-95f5-dc1f80085146,penmaking.xyz,available,,,high,low,9,,,,
8b65b327-d815-4114-80ad-a555e63bcf43,uplift.xyz,resell,,,high,low,6,"GoDaddy.com, LLC",05/11/2015 15:25,05/11/2027 23:59,01/10/2026 22:01
efe673d2-fc5d-4df2-9abc-bdeb83c5fbce,terrycloth.xyz,available,,,high,high,11,,,,
feeacfb5-6864-4384-8905-bb885caa9968,warbled.xyz,available,,,medium,low,7,,,,
feec2570-fca1-46d1-91f7-59c6048e7069,coverture.xyz,available,,,high,medium,9,,,,
08f788bb-f622-46f2-9997-197eee5c4127,fortyeighth.xyz,available,,,high,high,12,,,,
0c2dcaaa-7d62-43f7-9803-aa4e58960130,nanyang.xyz,resell,,,high,low,7,,,,04/10/2026 18:03
d4ebc9af-20c7-4d93-84cd-cc1b62f1b3e6,duplicating.xyz,available,,,high,high,11,,,,
265a0a68-9f51-44ae-b99a-83693d3c9268,swat.xyz,resell,,,high,low,4,"GoDaddy.com, LLC",13/06/2020 01:34,13/06/2027 23:59,30/09/2026 18:52
bd2928b4-4bc9-420d-992b-26b27975f804,nevil.xyz,resell,,,medium,low,5,,,,08/10/2026 19:48
7a324aa2-f6fa-46ae-8bad-195b3500a9db,fornication.xyz,available,2.06,13.97,medium,low,11,spaceship,,,05/10/2026 21:30
f7a4f040-45b6-4186-be32-4f5f706113de,contrite.xyz,available,1.99,20.99,high,low,8,name.com,,,12/08/2026 23:34
7d372cd4-edbd-4567-a6ee-56dba617f81c,believing.xyz,resell,,,high,low,9,"GoDaddy.com, LLC",13/08/2022 01:22,13/08/2027 23:59,26/09/2026 04:21
05d33979-fdf0-4373-9855-1fa2fda4f1d2,wikipedians.xyz,available,,,medium,low,11,,,,
6c6a0568-fec5-4b7f-bd28-aab2a68fcd0a,traveled.xyz,resell,,,high,low,8,"GoDaddy.com, LLC",22/10/2022 02:30,22/10/2027 23:59,28/09/2026 09:30
23c56ad1-7031-4c6e-a1d1-51fd6aab3613,flexible.xyz,resell,,,high,low,8,"GoDaddy.com, LLC",02/06/2014 17:09,02/06/2027 23:59,26/09/2026 06:08
db210a9a-e6b8-4f1d-a7d6-51cfc92d0732,sterilized.xyz,available,2,21.48,high,low,10,namecheap,,,10/09/2026 20:11
9530ea92-40cc-41bb-9199-b1dc2d659d9d,anthropologic.xyz,available,,,high,high,13,,,,
e7cbf64f-5cbe-435a-bd17-ec5b2e770fd5,grahamston.xyz,available,,,high,high,10,,,,
00e19c17-fa4e-4f50-a749-4980492632c9,greenock.xyz,available,2.79,17.29,high,low,8,namesilo,,,02/10/2026 01:03
44fc7d1a-b929-46aa-868a-7b9e9320ef50,chui.xyz,resell,,,medium,low,4,,,,07/10/2026 09:11
bde95404-a41e-4811-96a0-6a651d2161ae,ungentle.xyz,available,2,21.48,medium,low,8,namecheap,,,12/09/2026 11:11
b894851a-8107-4a16-87a2-a10b9cd9b117,pitas.xyz,available,,,medium,low,5,,,,
15d8e645-7194-474f-bc94-4411c6f9ef58,bella.xyz,resell,,,high,low,5,Dynadot Inc,10/11/2020 02:54,10/11/2030 23:59,26/09/2026 04:21
eddbce46-f400-4c5f-8018-64844d6b8b0d,isdn.xyz,resell,,,high,low,4,"GoDaddy.com, LLC",25/10/2022 09:55,25/10/2027 23:59,02/10/2026 17:17
efdbfb59-32df-4d42-935d-2d87ab75869d,liquidize.xyz,available,,,high,high,9,,,,
66cf9eb7-6a58-40c4-a357-97a466dacbe8,grangetown.xyz,available,,,high,high,10,,,,
fa4e4f65-5983-4ad7-8b69-6327ad2820d7,garish.xyz,resell,,,medium,low,6,"GMO Internet Group, Inc. d/b/a Onamae.com",06/08/2026 09:37,06/08/2027 23:59,26/09/2026 06:19
8f875358-545b-469f-8ac5-b31be4ca038a,honshu.xyz,available,2.06,13.97,medium,low,6,spaceship,,,02/10/2026 15:43
798f31d8-f331-4a21-97ee-9cc6486cca16,tenbagger.xyz,available,,,high,high,10,,,,
a3362e50-7fa8-4bf5-b13b-ef40def31ffb,skullcap.xyz,available,,,high,high,8,,,,
ddec8c43-fed7-4d88-bb17-0a343530a727,trajan.xyz,resell,,,high,low,6,,,,30/09/2026 02:13
9b93a1c0-6934-45b5-9e2c-ad77b5ba04fa,suspense.xyz,resell,,,high,low,8,"Sav.com, LLC",11/08/2020 20:47,11/08/2027 23:59,30/09/2026 12:39
c4d0beef-7efc-4fce-950c-e2579a477ed2,spawn.xyz,resell,,,high,low,5,"GoDaddy.com, LLC",02/06/2014 17:35,02/06/2027 23:59,30/09/2026 00:52
d80376f2-dcd4-4723-b0bc-8ba68c0d9666,joinery.xyz,resell,57371.2,20.99,high,high,7,Dynadot Inc,25/05/2019 19:14,25/05/2028 23:59,26/09/2026 07:01
db97c2c0-64b3-4134-9614-b22d82ebd7e9,stupefying.xyz,available,2,21.48,medium,low,10,namecheap,,,10/09/2026 18:10
6f56e3bc-164a-47a3-bf75-570d89051199,boastfulness.xyz,available,,,high,high,12,,,,
27f6e83c-5db0-458a-8c68-6e3f23325b7f,restroom.xyz,resell,,,high,low,8,,,,01/10/2026 01:31
715d5449-8514-4b42-9f2f-191e1decb0fe,stewpan.xyz,available,,,high,high,7,,,,
bf5b0666-4f68-4c11-9de4-6d93a01cc0fe,frontal.xyz,resell,,,high,low,7,West263 International Limited,01/08/2020 03:52,01/08/2028 23:59,26/09/2026 06:16
27b1a893-3dfd-41b9-a762-94021a4cbec5,witching.xyz,available,2,21.48,high,low,8,namecheap,,,13/09/2026 12:46
f23c6f23-b3a9-4705-befb-244e5ab668bf,mythicality.xyz,available,,,high,low,11,,,,
d56e74b8-d6cf-4903-92ad-92c2a41cc966,emmabeth.xyz,available,,,high,high,8,,,,
956d3714-2857-4d72-a055-59e62151bfbd,couriers.xyz,resell,,,medium,low,8,TLD Registrar Solutions Ltd.,04/11/2017 02:54,04/11/2029 23:59,06/10/2026 13:13
a2f571c8-9dd8-4edc-a62c-b3c532acca71,skeleton.xyz,resell,,,high,low,8,"GoDaddy.com, LLC",02/06/2014 17:38,02/06/2027 23:59,28/09/2026 10:56
3bd28533-a064-448a-b8d0-41d7f67b93df,hippocrates.xyz,resell,,,high,high,11,"Sav.com, LLC",27/02/2021 15:10,27/02/2027 23:59,26/09/2026 06:40
6e2278ec-57de-4809-9098-3905a197889b,partitioned.xyz,available,1.99,20.99,medium,low,11,name.com,,,18/09/2026 12:14
fe191360-5ac6-469f-9abc-07579f84a7e5,sandpiles.xyz,available,,,medium,low,9,,,,
f98109af-f7ae-4093-b204-b6c602884929,expansive.xyz,resell,,,high,low,9,West263 International Limited,21/02/2021 10:43,21/02/2028 23:59,26/09/2026 05:57
2869c930-68b9-47b9-96af-c4a270afd3a7,sinicize.xyz,available,,,high,high,8,,,,
e73ed778-7ed1-40bd-9f64-bdaa754adefd,uvalde.xyz,available,12.3,11.2,high,low,6,cloudflare,,,07/10/2026 00:02
b6c69f87-4ef4-4ecf-b82e-a1ce718c9341,tsb.xyz,resell,,,high,low,3,,,,07/10/2026 09:19
6e235739-8cc4-4aeb-b4cd-08b3fd389f99,siring.xyz,available,,,high,high,6,,,,
340aae8c-38e0-452a-b24c-2077fbfee50c,aphrodite.xyz,resell,,,high,low,9,West263 International Limited,04/04/2020 02:30,04/04/2028 23:59,26/09/2026 03:55
70e5b72d-6963-4f82-8c94-71f88fad0078,lump.xyz,resell,,,medium,low,4,,,,29/09/2026 00:25
0e4db03d-9369-4dbb-86ef-491b74adf166,iselin.xyz,available,2,21.48,medium,low,6,namecheap,,,07/10/2026 11:55
396e68a7-b5f3-42ae-bbde-c8d4ac0f8f6b,pythian.xyz,resell,,,high,low,7,,,,08/10/2026 16:14
d42c908a-21b2-4122-8667-7f8d44756003,pasteurise.xyz,available,,,high,high,10,,,,
ee0cc1ad-00b0-4a76-8f09-74aca433fffa,headcover.xyz,available,,,high,high,9,,,,
f00180b5-feaa-44ec-a96f-fc4ec80b0f19,martha.xyz,resell,,,high,low,6,TLD Registrar Solutions Ltd.,04/12/2014 06:18,04/12/2029 23:59,01/10/2026 00:59
a39fbe2f-aa4f-4dea-a2f6-48e98b83a5c0,rtc.xyz,premium,242,242,high,low,3,namesilo,,,30/09/2026 12:40
e831035b-764c-4d02-bafa-2777f3da6bc5,detached.xyz,resell,,,high,low,8,Unstoppable Domains Inc.,30/12/2021 23:59,30/12/2026 23:59,26/09/2026 05:31
70ab8478-472c-48aa-a933-b22a23b93782,ntuzu.xyz,available,,,high,high,5,,,,
3b2b902a-0fcd-4b67-9033-918af2872d50,civilians.xyz,resell,,,medium,low,9,,,,28/09/2026 05:06
3a58fe7d-158b-4c51-8f3c-052506aaf0ad,unions.xyz,resell,,,high,low,6,"Spaceship, Inc.",02/06/2014 18:31,02/06/2027 23:59,30/09/2026 00:35
fba73446-5f4e-44a0-83c6-f3ab9e735cb8,barrymore.xyz,available,1.99,20.99,high,low,9,name.com,,,22/09/2026 08:52
5cc0fbd9-2bbd-471e-b8d8-a59bf8615c2a,grateful.xyz,resell,,,high,low,8,"GoDaddy.com, LLC",14/07/2014 18:56,14/07/2027 23:59,26/09/2026 06:28
162ed90f-f44b-4f2c-8ce8-a14c29fa4b04,resealable.xyz,available,,,high,high,10,,,,
57670a2e-8fca-4ef5-9331-51f2e90f8b04,plummet.xyz,resell,,,high,low,7,UM Domains Pte. Ltd.,08/03/2026 00:02,08/03/2027 23:59,26/09/2026 08:13
19891ac0-ee6e-49f8-9a33-f2291297e71d,comfy.xyz,resell,,,high,low,5,Dynadot Inc,10/11/2018 03:22,10/11/2029 23:59,26/09/2026 05:08
74dd111c-09b4-47e8-99db-b9cb5e371d8f,laconism.xyz,available,,,high,high,8,,,,
ec27807b-df91-48ae-837a-79eee91cfbbc,calligraph.xyz,available,,,high,high,10,,,,
e111941d-2423-45df-8cd9-bd78ad14f2af,tubs.xyz,resell,,,medium,low,4,,,,05/10/2026 09:53
f9b6712f-373a-47f0-bf12-0771f35d39d9,paperback.xyz,resell,,,high,low,9,Dynadot Inc,05/05/2020 01:46,05/05/2028 23:59,27/09/2026 02:40
ae93ad52-c0c2-4382-b0e3-6eeb73cd4b8b,tedious.xyz,resell,,,high,low,7,"GoDaddy.com, LLC",30/10/2023 00:02,30/10/2027 23:59,26/09/2026 09:32
ffd19cef-2a76-4fa1-8043-6fd519e47040,srinagar.xyz,resell,,,high,low,8,,,,04/10/2026 00:56
8cea221f-b7f4-4145-9c6d-7fd581011247,unfastening.xyz,available,,,high,low,11,,,,
67da22b4-ed1b-42a7-8816-45f49d879e6e,assembling.xyz,resell,,,high,low,10,"GoDaddy.com, LLC",15/07/2023 00:33,15/07/2027 23:59,26/09/2026 04:04
2af48eb2-a9f2-455e-8762-1867d4391509,mixed.xyz,resell,,,high,low,5,"GoDaddy.com, LLC",02/06/2014 17:29,02/06/2027 23:59,26/09/2026 07:35
22941fe3-9345-4682-82e2-89127ffdfa3b,hematinic.xyz,available,,,high,high,9,,,,
8fb6b8a4-69a8-4f78-90ba-d84263ae79f0,absolutizable.xyz,available,,,medium,low,13,,,,
0e0c29fd-595c-490e-83db-c0fcd8904dc6,nativeness.xyz,available,,,high,high,10,,,,
c186d3be-3823-45eb-a9cb-53a7da00b137,altho.xyz,resell,,,high,high,5,Dynadot Inc,04/05/2026 14:45,04/05/2027 23:59,26/09/2026 03:49
19dd1cc4-2171-4a14-8d32-c72c13bbcfe4,chunkily.xyz,available,,,high,high,8,,,,
21306bb9-e787-4688-815e-4a929b23d9e6,rulers.xyz,resell,,,medium,low,6,,,,02/10/2026 02:55
93984c85-f410-4fca-9750-a20c565a8c21,recycleable.xyz,available,,,high,high,11,,,,
b12bf50e-d6ce-4891-a964-70e619f2d962,hawkesbury.xyz,resell,,,high,low,10,,,,04/10/2026 18:05
19680ceb-26d9-40af-b018-288f53000d58,monastir.xyz,available,5,,medium,low,8,unstoppable,,,07/10/2026 15:22
9239b7e0-91a1-4972-8a84-bee5af9c9565,attitude.xyz,resell,,,high,low,8,"Spaceship, Inc.",07/11/2018 00:11,07/11/2027 23:59,28/09/2026 23:06
47b4fa97-91cc-43cc-858e-813890de67ea,stasny.xyz,available,,,high,high,6,,,,
9fc934cd-f4b3-4dd0-ae02-d487088fa3fa,resumes.xyz,resell,,,medium,low,7,"GoDaddy.com, LLC",02/06/2014 16:55,02/06/2027 23:59,02/10/2026 03:34
5dc22753-cc59-4144-8bbd-398bd2602859,novoukrainka.xyz,available,,,high,high,12,,,,